,Ori. ,Dest.,Connect movement,PC Mov. Id,Co-load on,Original mov. Id,Org. GTW,Dst. GTW,STD,Offset,STA,Mo,Tu,We,Th,Fr,Sa,Su,Truck type,Load M.,Kg per M.,Remarks,Travel Time,Travel time,Distance in km,Contract By,Costs,Cost beared by,Operator,Costs per km,Combined with Mov.,Unnamed: 31,DE,cost per hour,cost per km
0,CZ,PL,Y,PCCZ03PL07A,,,Ostrava,Zabrze,1900-01-03 13:00:00,0.0,1900-01-03 15:00:00,X,X,X,X,X,,,Trailer,13.6,446,,1h 30min,2.0,82,,0,PPL CZ,ADN Trans / PPL,,,,0,0.0,0.0
1,CZ,DE,Y,PCCZ04DE90A,Europack,,Plzen,Feucht,1900-01-03 11:00:00,0.0,1900-01-03 14:00:00,X,X,X,X,X,,,2 swap bodies,14.0,446,,3 h,3.0,190,DPAG/PPL 2009,0,PPL CZ,CM Transport / PPL,,,,1,0.0,0.0
2,DE,ES,Y,PCDE67SB00A,Europack,DDSB76B,Speyer,Barcelona,1900-01-03 06:00:00,0.0,1900-01-03 10:00:00,,X,X,X,X,X,,Trailer,13.6,562,Stand by that can go to Lisbon madrid or Vitoria,,4.0,99999,NETWORK EUROPE,0,Deutsche Post 18A2 - Europack,INTER-COX,,,,1,0.0,0.0
3,DE,ES,Y,PCDE67ES01A,Europack,DD7604A,Speyer,Barcelona,1900-01-03 04:00:00,0.0,1900-01-03 20:00:00,,X,X,X,X,,,Trailer,13.6,562,,16h,16.0,1233,NETWORK EUROPE,1218.98,Deutsche Post 18A2 - Europack,TRANSAT,0.988629359286294,,,1,76.18625,0.9886293592862940
4,DE,ES,Y,PCDE67ES01A,Europack,DD7604A,Speyer,Barcelona,1900-01-03 08:00:00,2.0,1900-01-03 09:00:00,,,,,,X,,Trailer,13.6,562,,49h,49.0,1233,NETWORK EUROPE,1218.98,Deutsche Post 18A2 - Europack,TRANSAT,0.988629359286294,,,1,24.877142857142900,0.9886293592862940
5,DE,ES,Y,PCDE67ES02A,Europack,DD7651B,Speyer,Madrid,1900-01-03 07:30:00,3.0,1900-01-03 08:00:00,,,,,X,,,Trailer,13.6,562,,72h 30mn,72.5,1816,NETWORK EUROPE,1800,Deutsche Post 18A2 - Europack,DHL-MAD,0.991189427312775,,,1,24.82758620689660,0.9911894273127750
6,DE,ES,Y,PCDE67ES02A,Europack,DD7651B,Speyer,Madrid,1900-01-03 07:30:00,2.0,1900-01-03 09:00:00,,,,,,X,,Trailer,13.6,562,,49h 30mn,49.5,1816,NETWORK EUROPE,1770,Deutsche Post 18A2 - Europack,DHL-MAD,0.974669603524229,,,1,35.75757575757580,0.974669603524229
7,DE,ES,Y,PCDE67ES02B,Europack,DD7687B,Speyer,Madrid,1900-01-03 08:00:00,1.0,1900-01-03 08:00:00,,X,X,X,,,,Trailer,13.6,562,Then proceeds further to Vitoria (but no Connect usually on it),24h,24.0,1816,NETWORK EUROPE,1864.72,Deutsche Post 18A2 - Europack,DHL-MAD,1.0268281938326,,,1,77.69666666666670,1.0268281938326000
8,DE,ES,Y,PCDE67ES03A,Europack,DD7687C,Speyer,Vitoria,1900-01-03 07:30:00,2.0,1900-01-03 15:00:00,,,,,,X,,Trailer,13.6,562,,55h 30mn,55.5,1452,NETWORK EUROPE,1598,Deutsche Post 18A2 - Europack,DHL-MAD,1.10055096418733,,,1,28.792792792792800,1.100550964187330
9,DE,PT,Y,PCDE67PT02A,Europack,DD7644A,Speyer,Lisbon,1900-01-03 07:45:00,1.0,1900-01-03 23:45:00,X,X,X,X,,,,Trailer,13.6,562,,41h,40.0,2330,NETWORK EUROPE,2206,Deutsche Post 18A2 - Europack,PINHALL,0.946781115879828,,,1,55.15,0.9467811158798280
10,DE,PT,Y,PCDE67PT02A,Europack,DD7644A,Speyer,Lisbon,1900-01-03 07:45:00,3.0,1900-01-03 23:30:00,,,,,X,,,Trailer,13.6,562,,88h 45mn,87.75,2330,NETWORK EUROPE,2206,Deutsche Post 18A2 - Europack,PINHALL,0.946781115879828,,,1,25.13960113960110,0.9467811158798280
11,DE,ES,Y,PCDE67ES01Z,Europack,DD7604Z,Speyer,Barcelona,,,,,,,,,,,,,562,,,,99999,,0,Deutsche Post 18A2 - Europack,,,,,1,,0.0
12,DE,ES,Y,PCDE67ES02Z,Europack,DD7651Z,Speyer,Madrid,,,,,,,,,,,,,562,,,,99999,,0,Deutsche Post 18A2 - Europack,,,,,1,,0.0
13,DE,ES,Y,PCDE67ES02Y,Europack,DD7687Z,Speyer,Madrid,,,,,,,,,,,,,562,,,,99999,,0,Deutsche Post 18A2 - Europack,,,,,1,,0.0
14,DE,PT,Y,PCDE67PT02Z,Europack,DD7644Z,Speyer,Lisbon,,,,,,,,,,,,,562,,,,99999,,0,Deutsche Post 18A2 - Europack,,,,,1,,0.0
15,ES,DE,Y,PCES01DE67A,DDI,DD0476A,Barcelona,Speyer,1900-01-03 22:00:00,1.0,1900-01-03 14:30:00,X,X,X,X,X,,,Trailer,13.6,562,Only Connect and returns of Weltpaket and other product (B2C global solutions),16h 30m,16.5,1228,NCG,1440,DHL Parcel ES,Transato,1.17263843648208,,,1,87.27272727272730,1.1726384364820800
16,ES,DE,Y,PCES01DE67B,,,Barcelona,Speyer,1900-01-03 22:00:00,1.0,1900-01-03 14:30:00,X,,,,,,,Trailer,13.6,562,Only Connect and returns of Weltpaket and other product (B2C global solutions),16h 30m,16.5,1228,NCG,1730,DHL Parcel ES,Trancomm,1.40879478827362,,,1,104.84848484848500,1.4087947882736200
17,FR,DE,Y,PCFR01DE77A,Weltpaket (DPI),,Combs-la-Ville,Lahr,1900-01-03 16:30:00,1.0,1900-01-03 10:00:00,,,,,X,,,Trailer,13.6,562,"160EUR billed to FR, the transport does this stop-over on its way from La Poste, Moissy. It only has Connect returns from FR to DE", ,17.5,99999,IPZ,540,DE/FR,Spedition Döpke,,,,1,30.857142857142900,0.005400054000540010
18,GB,DE,Y,PCGB02DE50A,,,Slough,Köln,1900-01-03 11:00:00,1.0,1900-01-03 11:00:00,,X,X,X,X,,,SEMI TRAILER,,562,"mix load (PC, PI) - undeliverable separate - pallettized",11 HRS,24.0,619,DEUTSCHE POST,410,DHL PARCEL UK,ONTOUR,0.662358642972536,,,1,17.083333333333300,0.6623586429725360
19,GB,DE,Y,PCGB02DE50A,,,Slough,Köln,1900-01-03 11:00:00,2.0,1900-01-03 11:00:00,,,,,,X,,SEMI TRAILER,,562,"mix load (PC, PI) - undeliverable separate - pallettized",11 HRS,48.0,619,DEUTSCHE POST,410,DHL PARCEL UK,ONTOUR,0.662358642972536,,,1,8.541666666666670,0.6623586429725360
20,GB,DE,Y,PCGB02DE50B,,,Slough,Köln,1900-01-03 16:00:00,1.0,1900-01-03 10:00:00,,X,X,X,X,,,SEMI TRAILER,,562,"mix load (PC, PI) - undeliverable separate - pallettized",11 HRS,18.0,619,DEUTSCHE POST,410,DHL PARCEL UK,ONTOUR,0.662358642972536,,,1,22.77777777777780,0.6623586429725360
21,GB,DE,Y,PCGB02DE50B,,,Slough,Köln,1900-01-03 16:00:00,2.0,1900-01-03 10:00:00,,,,,,X,,SEMI TRAILER,,562,"mix load (PC, PI) - undeliverable separate - pallettized",11 HRS,42.0,619,DEUTSCHE POST,410,DHL PARCEL UK,ONTOUR,0.662358642972536,,,1,9.761904761904760,0.6623586429725360
22,GB,DE,Y,PCGB02DE50C,,,Slough,Köln,1900-01-03 14:00:00,1.0,1900-01-03 10:00:00,,,X,,,,,SEMI TRAILER,,562,"mix load (PC, PI) - undeliverable separate - pallettized",11 HRS,20.0,619,DEUTSCHE POST,410,DHL PARCEL UK,ONTOUR,0.662358642972536,,,1,20.5,0.6623586429725360
23,GB,DE,Y,PCGB01DE50A,,,Ryton,Köln,1900-01-03 08:00:00,1.0,1900-01-03 08:00:00,,X,X,X,X,,X,SEMI TRAILER,,562,"mix load (PC, PI) - undeliverable separate - pallettized",11 HRS,24.0,728,DHL PARCEL UK,650,DHL PARCEL UK,EUROPA,0.892857142857143,,,1,27.083333333333300,0.8928571428571430
24,NL,DE,Y,PCNL03DE43A,,PEP_ZLB_BOC_01,Zaltbommel,Bochum,1900-01-03 13:30:00,0.0,1900-01-03 16:00:00,,X,,,,,,Trailer,13.6,470,,"2,5h",2.5,180,EURONET KÖLN,0,Benelux,G. Kuijf B.V.,0,,,1,0.0,0.0
25,NL,DE,Y,PCNL03DE47A,,PEP_ZLB_KFD_02,Zaltbommel,Krefeld,1900-01-03 06:00:00,0.0,1900-01-03 10:00:00,,,,,,X,,Trailer,13.6,470,,3h,4.0,151,EURONET KÖLN,0,Benelux,Alblas Internationaal ,0,,,1,0.0,0.0
26,NL,DE,Y,PCNL03DE47B,,PEP_ZLB_KFD_03,Zaltbommel,Krefeld,1900-01-03 06:00:00,0.0,1900-01-03 10:00:00,,,,,,X,,Trailer,13.6,470,,3h,4.0,151,EURONET KÖLN,0,Benelux,Alblas Internationaal ,0,,,1,0.0,0.0
27,NL,DE,Y,PCNL03DE50A,,T 1B50-143,Zaltbommel,Köln,1900-01-03 15:00:00,0.0,1900-01-03 18:35:00,X,X,X,X,X,,,1 swap body,7.45,470,"PZE Material (Delivery in Gateway area, no further transport)",Multistop,3.58333333333333,99999,EURONET Domestic DE,0,Benelux,EURONET Domestic DE,,T 1B56-143 (paired swap bodies on same engine),,1,0.0,0.0
28,NL,DE,Y,PCNL03DE56A,,T 1B56-143,Zaltbommel,Neuwied,1900-01-03 15:00:00,0.0,1900-01-03 20:15:00,X,X,X,X,X,,,1 swap body,7.45,470,"PZE Material (Delivery in Gateway area, no further transport)",Multistop,5.25,99999,EURONET Domestic DE,0,Benelux,EURONET Domestic DE,,T 1B50-143 (paired swap bodies on same engine),,1,0.0,0.0
29,NL,DE,Y,PCNL03DE93A,,T 1B93-143,Zaltbommel,Regensburg,1900-01-03 15:00:00,1.0,1900-01-03 04:00:00,X,X,X,X,X,,,1 swap body,7.45,470,"PZE Material (Delivery in Gateway area, no further transport), PLUS AT/SK/SI",Multistop,13.0,99999,EURONET Domestic DE,0,Benelux,EURONET Domestic DE,,T 1B47-143 (paired swap bodies on same engine),,1,0.0,0.0
30,NL,DE,Y,PCNL03DE47A,,T 1B47-143,Zaltbommel,Krefeld,1900-01-03 15:00:00,0.0,1900-01-03 17:50:00,X,X,X,X,X,,,1 swap body,7.45,470,"PZE Material (Delivery in Gateway area, no further transport)",Multistop,2.83333333333333,99999,EURONET Domestic DE,0,Benelux,EURONET Domestic DE,,T 1B93-143 (paired swap bodies on same engine),,1,0.0,0.0
31,NL,ES,Y,PCNL01ES01A,Europlus ,DD2304A,EINDHOVEN,Barcelona,1900-01-03 01:00:00,0.0,1900-01-03 20:00:00,,X,X,X,X,,,Trailer,13.6,470,,19h,19.0,1431,NETWORK EUROPE,1463.98,Benelux,TRANSINTER,1.02304682040531,,,0,77.05157894736840,1.023046820405310
32,NL,ES,Y,PCNL01ES01A,Europlus ,DD2304A,EINDHOVEN,Barcelona,1900-01-03 03:00:00,2.0,1900-01-03 20:00:00,,,,,,X,,Trailer,13.6,470,,65h,65.0,1431,NETWORK EUROPE,1463.98,Benelux,TRANSINTER,1.02304682040531,,,0,22.52276923076920,1.023046820405310
33,NL,ES,Y,PCNL01ES02A,Europlus ,DD2351A,EINDHOVEN,Madrid,1900-01-03 01:30:00,1.0,1900-01-03 03:00:00,,X,X,X,,,,Trailer,13.6,470,,25h 30mn,25.5,1710,NETWORK EUROPE,1750,Benelux,DHL-MAD,1.0233918128655,,,0,68.62745098039220,1.023391812865500
34,NL,ES,Y,PCNL01ES02A,Europlus ,DD2351A,EINDHOVEN,Madrid,1900-01-03 03:00:00,2.0,1900-01-03 02:30:00,,,,,,X,,Trailer,13.6,470,,47h 30mn,47.5,1710,NETWORK EUROPE,1750,Benelux,DHL-MAD,1.0233918128655,,,0,36.8421052631579,1.023391812865500
35,NL,ES,Y,PCNL01ES02A,Europlus ,DD2351A,EINDHOVEN,Madrid,1900-01-03 02:30:00,3.0,1900-01-03 02:00:00,,,,,X,,,Trailer,13.6,470,,71h 30mn,71.5,1710,NETWORK EUROPE,1750,Benelux,DHL-MAD,1.0233918128655,,,0,24.475524475524500,1.023391812865500
36,NL,ES,Y,PCNL01ES03A,Europlus ,DD2387A,EINDHOVEN,Vitoria,1900-01-03 03:00:00,2.0,1900-01-03 18:00:00,,,,,,X,,Trailer,13.6,470,,63h,63.0,1381,NETWORK EUROPE,1489.5815902965,Benelux,RAYDEN,1.07862533692723,,,0,23.644152226928600,1.0786253369272300
37,NL,ES,Y,PCNL01ES03A,Europlus ,DD2387A,EINDHOVEN,Vitoria,1900-01-03 23:00:00,1.0,1900-01-03 18:00:00,X,X,X,X,,,,Trailer,13.6,470,,19h,19.0,1381,NETWORK EUROPE,1489.5815902965,Benelux,RAYDEN,1.07862533692723,,,0,78.39903106823690,1.0786253369272300
38,NL,ES,Y,PCNL01ES03B,Europlus ,DD2387B,EINDHOVEN,Vitoria,1900-01-03 00:01:00,0.0,1900-01-03 19:00:00,,X,X,X,X,,,Trailer,13.6,470,,18h 59mn,18.9833333333333,1381,NETWORK EUROPE,1463.98,Benelux,TRANSINTER,1.06008689355539,,,0,77.11922739244970,1.0600868935553900
39,NL,ES,Y,PCNL01ES03B,Europlus ,DD2387B,EINDHOVEN,Vitoria,1900-01-03 03:00:00,2.0,1900-01-03 18:00:00,,,,,,X,,Trailer,13.6,470,,63h,63.0,1381,NETWORK EUROPE,1463.98,Benelux,TRANSINTER,1.06008689355539,,,0,23.23777777777780,1.0600868935553900
40,NL,FR,Y,PCNL01FR01A,Europlus ,PEP_EIN_MLV_02,EINDHOVEN,COMBS LA VILLE,1900-01-03 03:00:00,0.0,1900-01-03 11:00:00,,X,X,X,X,,,Trailer,13.6,470,Delivered by Marne to Relais Colis between 12-16:00,8h,8.0,468,EURONET KÖLN,614.21,Benelux,JOST-CIE,1.31241452991453,,,0,76.77625,1.31241452991453
41,NL,FR,Y,PCNL01FR01A,Europlus ,PEP_EIN_MLV_02,EINDHOVEN,COMBS LA VILLE,1900-01-03 03:00:00,2.0,1900-01-03 11:00:00,,,,,,X,,Trailer,13.6,470,Delivered by Marne to Relais Colis between 12-16:00,56h,56.0,468,EURONET KÖLN,614.21,Benelux,JOST-CIE,1.31241452991453,,,0,10.968035714285700,1.31241452991453
42,NL,GB,Y,PCNL01GB01A,,PEP_ZLB_RYT_04,Zaltbommel,Ryton Gateway,1900-01-03 03:00:00,0.0,1900-01-03 16:00:00,,X,X,X,X,,,Trailer,13.6,470,,17h,13.0,647,EURONET KÖLN,1670,Benelux,Heinloth,2.58114374034003,,,0,128.46153846153800,2.581143740340030
43,NL,GB,Y,PCNL01GB01A,,PEP_ZLB_RYT_04,Zaltbommel,Ryton Gateway,1900-01-03 03:00:00,1.0,1900-01-03 13:00:00,,,,,,X,,Trailer,13.6,470,SORTED ON SUNDAY'S,36h,34.0,647,EURONET KÖLN,1670,Benelux,Heinloth,2.58114374034003,,,0,49.11764705882350,2.581143740340030
44,NL,GB,Y,PCNL01GB01B,,PEP_EIN_RYT_01,EINDHOVEN,Ryton Gateway,1900-01-03 22:30:00,1.0,1900-01-03 11:30:00,X,X,X,X,,,,Trailer,13.6,470,,17h,13.0,620,EURONET KÖLN,1670,Benelux,Edart,2.69354838709677,,,0,128.46153846153800,2.693548387096770
45,NL,GB,Y,PCNL01GB01B,,PEP_EIN_RYT_01,EINDHOVEN,Ryton Gateway,1900-01-03 22:30:00,3.0,1900-01-03 06:00:00,,,,,X,,,Trailer,13.6,470,,17h,55.5,620,EURONET KÖLN,1670,Benelux,Edart,2.69354838709677,,,0,30.09009009009010,2.693548387096770
46,NL,GB,Y,PCNL01GB01C,,PEP_EIN_RYT_02,EINDHOVEN,Ryton Gateway,1900-01-03 01:00:00,0.0,1900-01-03 14:30:00,,X,X,X,X,,,Trailer,13.6,470,,17h,13.5,620,EURONET KÖLN,1670,Benelux,Edart,2.69354838709677,,,0,123.70370370370400,2.693548387096770
47,NL,GB,Y,PCNL01GB01C,,PEP_EIN_RYT_02,EINDHOVEN,Ryton Gateway,1900-01-03 01:00:00,2.0,1900-01-03 07:00:00,,,,,,X,,Trailer,13.6,470,,17h,54.0,620,EURONET KÖLN,1670,Benelux,Edart,2.69354838709677,,,0,30.925925925925900,2.693548387096770
48,NL,GB,Y,PCNL01GB01D,,PEP_EIN_RYT_03,EINDHOVEN,Ryton Gateway,1900-01-03 02:30:00,0.0,1900-01-03 15:00:00,,X,X,X,X,,,Trailer,13.6,470,,17h,12.5,620,EURONET KÖLN,1670,Benelux,Edart,2.69354838709677,,,0,133.6,2.693548387096770
49,NL,GB,Y,PCNL01GB01D,,PEP_EIN_RYT_03,EINDHOVEN,Ryton Gateway,1900-01-03 02:30:00,2.0,1900-01-03 10:00:00,,,,,,X,,Trailer,13.6,470,,17h,55.5,620,EURONET KÖLN,1670,Benelux,Edart,2.69354838709677,,,0,30.09009009009010,2.693548387096770
50,NL,PL,Y,PCNL01PL02A,Europlus ,DD2369A,EINDHOVEN,Koninko,1900-01-03 03:00:00,0.0,1900-01-03 17:00:00,,X,X,X,X,,,Trailer,13.6,470,,14h,14.0,894,NETWORK EUROPE,851.81,Benelux,SERVISC,0.952807606263982,,,0,60.84357142857140,0.9528076062639820
51,NL,PL,Y,PCNL01PL02A,Europlus ,DD2369A,EINDHOVEN,Koninko,1900-01-03 03:00:00,2.0,1900-01-03 17:00:00,,,,,,X,,Trailer,13.6,470,,62h,62.0,894,NETWORK EUROPE,851.81,Benelux,SERVISC,0.952807606263982,,,0,13.738870967741900,0.9528076062639820
52,NL,PL,Y,PCNL01PL03A,Europlus ,DD2368C,EINDHOVEN,Poznań,1900-01-03 02:30:00,0.0,1900-01-03 16:00:00,,X,X,X,X,,,Trailer,13.6,470,Only Coy parcels Europlus / Parcel Connect,13h 30mn,13.5,900,NETWORK EUROPE,826.06,Benelux,SERVISC,0.917844444444444,,,0,61.18962962962960,0.9178444444444440
53,NL,PL,Y,PCNL01PL03A,Europlus ,DD2368C,EINDHOVEN,Poznań,1900-01-03 02:30:00,2.0,1900-01-03 16:00:00,,,,,,X,,Trailer,13.6,470,Pallets Europlus Non Con Europlus adn Parcel Connect,61h 30mn,61.5,900,NETWORK EUROPE,826.06,Benelux,SERVISC,0.917844444444444,,,0,13.431869918699200,0.9178444444444440
54,NL,SE,Y,PCNL01SE01A,Europlus ,PEP_EIN_MMA_01,EINDHOVEN,ARLÖV,1900-01-03 00:01:00,0.0,1900-01-03 13:30:00,,X,X,X,X,,,Trailer,13.6,470,,13h 30mn,13.4833333333333,845,EURONET KÖLN,2090,Benelux,Kim Johansen,2.47337278106509,, ,0,155.00618046971600,2.473372781065090
55,NL,SE,Y,PCNL01SE01A,Europlus ,PEP_EIN_MMA_01,EINDHOVEN,ARLÖV,1900-01-03 00:01:00,2.0,1900-01-03 10:00:00,,,,,,X,,Trailer,13.6,470,,58h,57.9833333333333,845,EURONET KÖLN,2090,Benelux,Kim Johansen,2.47337278106509,,,0,36.04484047139990,2.473372781065090
56,NL,SE,Y,PCNL01SE01B,Europlus ,PEP_EIN_MMA_02,EINDHOVEN,ARLÖV,1900-01-03 02:00:00,0.0,1900-01-03 14:30:00,,X,X,X,X,,,Trailer,13.6,470,,12h 30 m,12.5,845,EURONET KÖLN,2090,Benelux,Sasho Sped,2.47337278106509,,,0,167.2,2.473372781065090
57,NL,SE,Y,PCNL01SE01B,Europlus ,PEP_EIN_MMA_02,EINDHOVEN,ARLÖV,1900-01-03 02:00:00,2.0,1900-01-03 10:30:00,,,,,,X,,Trailer,13.6,470,,56h 30m,56.5,845,EURONET KÖLN,2090,Benelux,Sasho Sped,2.47337278106509,,,0,36.991150442477900,2.473372781065090
58,PL,LT,Y,PCPL01LT01A,,,Ełk,Kaunas,1900-01-03 10:40:00,0.0,1900-01-03 15:00:00,X,X,X,X,X,,,van,3.0,619,Only Connect,5h,4.33333333333333,500,DHL Parcel PL,235,DHL Parcel PL,AUTO MROZ ELK,0.47,,,0,54.23076923076930,0.47
59,PL,DE,Y,PCPL03DE15A,,,Poznań,Rüdersdorf,1900-01-03 08:30:00,0.0,1900-01-03 12:00:00,X,X,X,X,X,,,2 swap bodies,14.0,619,Also return Weltpaket, ,3.5,242,DHL Parcel PL,400,DHL Parcel PL,DROBNIK TRANSPORT,1.65289256198347,,,1,114.28571428571400,1.6528925619834700
60,PL,DE,Y,PCPL03DE15B,,,Poznań,Rüdersdorf,1900-01-03 09:00:00,0.0,1900-01-03 12:30:00,X,X,X,X,X,,,2 swap bodies,14.0,619,Also return Weltpaket, ,3.5,242,DHL Parcel PL,400,DHL Parcel PL,DROBNIK TRANSPORT,1.65289256198347,,,1,114.28571428571400,1.6528925619834700
61,PL,DE,Y,PCPL03DE15C,,,Poznań,Rüdersdorf,1900-01-03 09:30:00,0.0,1900-01-03 13:00:00,X,X,X,X,X,,,2 swap bodies,14.0,619,Also return Weltpaket, ,3.5,242,DHL Parcel PL,400,DHL Parcel PL,DROBNIK TRANSPORT,1.65289256198347,,,1,114.28571428571400,1.6528925619834700
62,PL,CZ,Y,PCPL07CZ03A,,,Zabrze,Ostrava,1900-01-03 16:30:00,0.0,1900-01-03 19:00:00,X,X,X,X,X,,,trailer,13.6,619,Only Connect , ,2.5,84,PPL,125,DHL Parcel PL,,1.48809523809524,Part of round trip (on way back might be DDI material),,0,50.0,1.4880952380952400
63,SE,NO,Y,PCSE02NO01A,DHLF,GOTOSL,Göteborg,Oslo,1900-01-03 16:00:00,1.0,1900-01-03 01:00:00,X,X,X,X,,,,,,562,,,9.0,99999,DHL Freight ,0,,,,,,0,0.0,0.0
64,SE,NO,Y,PCSE02NO01A,DHLF,GOTOSL,Göteborg,Oslo,1900-01-03 16:00:00,2.0,1900-01-03 01:00:00,,,,,X,,,,,562,,,33.0,99999,DHL Freight ,0,,,,,,0,0.0,0.0
65,SE,NO,Y,PCSE02NO01B,DHLF,GOTOSL,Göteborg,Oslo,1900-01-03 11:00:00,0.0,1900-01-03 18:00:00,X,X,X,X,X,,,,,562,,,7.0,99999,DHL Freight ,0,,,,,,0,0.0,0.0
66,SE,FI,Y,PCSE04FI01A,DHLF,STOTKU,Stockholm,Turku (Lieto),1900-01-03 06:00:00,0.0,1900-01-03 20:15:00,X,X,X,X,X,,,,,562,,,14.25,99999,DHL Freight ,0,,,,,,0,0.0,0.0
67,SE,FI,Y,PCSE04FI01B,DHLF,STOTKU,Stockholm,Turku (Lieto),1900-01-03 17:00:00,1.0,1900-01-03 08:30:00,X,X,X,X,X,,,,,562,,,15.5,99999,DHL Freight ,0,,,,,,0,0.0,0.0
68,SE,NL,Y,PCSE03NL01A,DHLF,AGHEIN,Helsingborg,Eindhoven,1900-01-03 18:00:00,1.0,1900-01-03 15:00:00,X,X,X,X,,,,,,562,,,21.0,99999,DHL Freight ,0,,,,,,0,0.0,0.0
69,SE,NL,Y,PCSE03NL01A,DHLF,AGHEIN,Helsingborg,Eindhoven,1900-01-03 16:00:00,2.0,1900-01-03 08:00:00,,,,,,X,,,,562,,,40.0,99999,DHL Freight ,0,,,,,,0,0.0,0.0
70,FI,SE,Y,PCFI01SE04A,DHLF,TKUSTO,Turku (Lieto),Stockholm,1900-01-03 08:00:00,0.0,1900-01-03 20:00:00,,X,X,X,X,,,,,562,,,12.0,99999,DHL Freight ,0,,,,,,0,0.0,0.0
71,FI,SE,Y,PCFI01SE04B,DHLF,TKUSTO,Turku (Lieto),Stockholm,1900-01-03 17:00:00,1.0,1900-01-03 08:00:00,X,X,X,X,,,,,,562,,,15.0,99999,DHL Freight ,0,,,,,,0,0.0,0.0
72,DE,BE,Y,PCDE50BE01A,Weltpaket (DPI),CGN NVH 01,Köln,Brüssel,1900-01-03 05:00:00,0.0,1900-01-03 08:30:00,X,X,X,X,X,,,Trailer,13.6,562,,03:30:00,3.5,207,DEUTSCHE POST,532,DPDHL,Ellenbürger,2.57004830917874,,,1,152.0,2.570048309178740
73,DE,BE,Y,PCDE50BE01B,Weltpaket (DPI),CGN NVH 02,Köln,Brüssel,1900-01-03 09:00:00,0.0,1900-01-03 12:30:00,X,X,X,X,X,X,,Trailer,13.6,562,,03:30:00,3.5,207,DEUTSCHE POST,404,DPDHL,Ellenbürger,1.95169082125604,,,1,115.42857142857100,1.9516908212560400
74,DE,BE,Y,PCDE50BE01C,Weltpaket (DPI),CGN NVH 04,Köln,Brüssel,1900-01-03 13:45:00,0.0,1900-01-03 16:45:00,X,X,X,X,X,,,Trailer,13.6,562,,0.125,3.0,207,DEUTSCHE POST,532,DPDHL,Ellenbürger,2.57004830917874,,,1,177.33333333333300,2.570048309178740
75,DE,NL,Y,PCDE46NL03A,Weltpaket (DPI),T 461B,Dorsten,Zaltbommel,1900-01-03 04:05:00,0.0,1900-01-03 06:30:00,X,X,X,X,X,,,2 swap bodies,14.9,562,,02:25:00,2.41666666666667,240,DEUTSCHE POST,0,DPDHL,EURONET Domestic DE,0,,,1,0.0,0.0
76,DE,NL,Y,PCDE46NL03B,Weltpaket (DPI),T 461B,Dorsten,Zaltbommel,1900-01-03 04:25:00,0.0,1900-01-03 06:50:00,X,X,X,X,X,,,2 swap bodies,14.9,562,,02:25:00,2.41666666666667,240,DEUTSCHE POST,0,DPDHL,EURONET Domestic DE,0,,,1,0.0,0.0
77,DE,NL,Y,PCDE46NL03C,Weltpaket (DPI),T 461B,Dorsten,Zaltbommel,1900-01-03 07:30:00,0.0,1900-01-03 09:55:00,X,X,X,X,X,,,2 swap bodies,14.9,562,,02:25:00,2.41666666666667,240,DEUTSCHE POST,0,DPDHL,EURONET Domestic DE,0,,,1,0.0,0.0
78,DE,NL,Y,PCDE46NL03D,Weltpaket (DPI),T 461B,Dorsten,Zaltbommel,1900-01-03 07:50:00,0.0,1900-01-03 10:15:00,X,X,X,X,X,,,2 swap bodies,14.9,562,,02:25:00,2.41666666666667,240,DEUTSCHE POST,0,DPDHL,EURONET Domestic DE,0,,,1,0.0,0.0
79,DE,NL,Y,PCDE46NL03E,Weltpaket (DPI),T 461B,Dorsten,Zaltbommel,1900-01-03 08:10:00,0.0,1900-01-03 11:10:00,X,X,X,X,X,,,2 swap bodies,14.9,562,,0.125,3.0,240,DEUTSCHE POST,0,DPDHL,EURONET Domestic DE,0,,,1,0.0,0.0
80,DE,NL,Y,PCDE46NL03F,Weltpaket (DPI),T 461B,Dorsten,Zaltbommel,1900-01-03 08:30:00,0.0,1900-01-03 11:30:00,X,X,X,X,X,,,2 swap bodies,14.9,562,,0.125,3.0,240,DEUTSCHE POST,0,DPDHL,EURONET Domestic DE,0,,,1,0.0,0.0
81,DE,NL,Y,PCDE46NL03G,Weltpaket (DPI),T 461B,Dorsten,Zaltbommel,1900-01-03 08:50:00,0.0,1900-01-03 11:50:00,X,X,X,X,X,,,2 swap bodies,14.9,562,,0.125,3.0,240,DEUTSCHE POST,0,DPDHL,EURONET Domestic DE,0,,,1,0.0,0.0
82,DE,NL,Y,PCDE46NL03H,Weltpaket (DPI),T 461B,Dorsten,Zaltbommel,1900-01-03 09:10:00,0.0,1900-01-03 12:10:00,X,X,X,X,X,,,2 swap bodies,14.9,562,,0.125,3.0,240,DEUTSCHE POST,0,DPDHL,EURONET Domestic DE,0,,,1,0.0,0.0
83,DE,NL,Y,PCDE46NL03I,Weltpaket (DPI),T 461B,Dorsten,Zaltbommel,1900-01-03 09:30:00,0.0,1900-01-03 12:30:00,X,X,X,X,X,,,2 swap bodies,14.9,562,,0.125,3.0,240,DEUTSCHE POST,0,DPDHL,EURONET Domestic DE,0,,,1,0.0,0.0
84,DE,LU,Y,PCDE50LU01A,Weltpaket (DPI),CGN BET 01,Köln,Bettembourg,1900-01-03 07:00:00,0.0,1900-01-03 11:00:00,X,X,X,X,X,,,Trailer,13.6,562,,0.1666666666666670,4.0,240,DEUTSCHE POST,485,DPDHL,Ellenbürger,2.02083333333333,,,1,121.25,2.0208333333333300
85,DE,LU,Y,PCDE50LU01B,Weltpaket (DPI),CGN BET 02,Köln,Bettembourg,1900-01-03 05:00:00,0.0,1900-01-03 09:00:00,X,X,X,X,,,,Trailer,13.6,562,,0.1666666666666670,4.0,240,DEUTSCHE POST,430,DPDHL,Agility,1.79166666666667,,,1,107.5,1.7916666666666700
86,DE,LU,Y,PCDE50LU01C,Weltpaket (DPI),CGN BET 51,Köln,Bettembourg,1900-01-03 05:00:00,0.0,1900-01-03 09:00:00,X,,,,X,,,Trailer,13.6,562,,0.1666666666666670,4.0,240,DEUTSCHE POST,510,DPDHL,Agility,2.125,,,1,127.5,2.125
87,DE,GB,Y,PCDE46GB01A,Weltpaket (DPI),DON RYN 01,Dorsten,Ryton Gateway,1900-01-03 03:30:00,0.0,1900-01-03 16:30:00,,X,X,X,X,X,,Trailer,13.6,562,,0.5416666666666670,13.0,800,DEUTSCHE POST,0,DPDHL,DHL Köln (Heinloth),0,,,1,0.0,0.0
88,DE,GB,Y,PCDE46GB01B,Weltpaket (DPI),DON RYN 02,Dorsten,Ryton Gateway,1900-01-03 05:30:00,0.0,1900-01-03 18:00:00,X,X,X,X,X,,,Trailer,13.6,562,,12:30:00,12.5,800,DEUTSCHE POST,0,DPDHL,DHL Köln (Heinloth),0,,,1,0.0,0.0
89,AT,PL,Y,ATCZPL01,,,Hagenbrunn,Zabrze,1900-01-03 06:00:00,0.0,1900-01-03 15:00:00,X,X,X,X,X,,,Trailer,13.6,562,"Cost Share Model: AT 45,99%, PL 37,70%, CZ 16,31%",0.375,9.0,386,PPL,417.5,Shared,,,Milkrun Hagenbrunn - Brno - Ostrava - Zabrze,,0,46.388888888888900,1.0816062176165800
90,AT,CZ,Y,ATCZPL01,,,Hagenbrunn,Zabrze,1900-01-03 06:00:00,0.0,1900-01-03 15:00:00,X,X,X,X,X,,,Trailer,13.6,562,"Cost Share Model: AT 45,99%, PL 37,70%, CZ 16,31%",0.375,9.0,386,PPL,417.5,Shared,,,Milkrun Hagenbrunn - Brno - Ostrava - Zabrze,,0,46.388888888888900,1.0816062176165800
91,AT,CZ,Y,ATCZPL01,,,Hagenbrunn,Brno,1900-01-03 06:00:00,0.0,1900-01-03 09:30:00,X,X,X,X,X,,,Trailer,13.6,562,"Cost Share Model: AT 45,99%, PL 37,70%, CZ 16,31%",03:30:00,3.5,130,PPL,0,Shared,,,Milkrun Hagenbrunn - Brno - Ostrava - Zabrze,,0,0.0,0.0
92,DE,PL,Y,PCDE042PL06A,Weltpaket (DPI),LEJ WRO 01,Radefeld,Wroclaw,1900-01-03 06:00:00,0.0,1900-01-03 13:00:00,X,X,X,X,X,,,2 swap bodies,14.9,562,,0.2916666666666670,7.0,380,DEUTSCHE POST,450,DPDHL,DHL Wustermark,1.18421052631579,,,1,64.28571428571430,1.1842105263157900
93,DE,PL,Y,PCDE042PL02A,Weltpaket (DPI),LEJ KRI 01,Radefeld,Koninko,1900-01-03 07:15:00,0.0,1900-01-03 14:45:00,X,X,X,X,X,X,,2 swap bodies,14.9,562,,07:30:00,7.5,445,DEUTSCHE POST,605,DPDHL,DHL Wustermark,1.35955056179775,,,1,80.66666666666670,1.3595505617977500
94,DE,PL,Y,PCDE042PL08A,Weltpaket (DPI),LEJ SOI 01,Radefeld,Bydgoszcz,1900-01-03 06:30:00,0.0,1900-01-03 14:15:00,X,,X,,X,,,2 swap bodies,14.9,562,,07:45:00,7.75,551,DEUTSCHE POST,780,DPDHL,DHL Wustermark,1.41560798548094,,,1,100.64516129032300,1.4156079854809400
95,DE,IE,Y,PCDE502IE01A,Weltpaket (DPI),CGN DUB 01,Köln,Dublin,1900-01-03 07:00:00,1.0,1900-01-03 20:00:00,X,X,X,X,X,X,,Trailer,13.6,562,,39:30,37.0,1282,DEUTSCHE POST,2565,DPDHL,DHL Würselen,2.00078003120125,,,1,69.32432432432430,2.000780031201250
96,DE,IE,Y,PCDE502IE01B,Weltpaket (DPI),CGN DUB 02,Köln,Dublin,1900-01-03 03:00:00,1.0,1900-01-03 17:30:00,,X,X,X,X,,,Trailer,13.6,562,,38:00,38.5,1282,DEUTSCHE POST,2565,DPDHL,DHL Würselen,2.00078003120125,,,1,66.62337662337660,2.000780031201250
97,NL,IE,Y,PCNL03IE01A,,PEP_ZLB_DUB_BAL_POR,Zaltbommel,Dublin,1900-01-03 03:00:00,1.0,1900-01-03 11:00:00,,X,X,X,,,,Trailer,13.6,470,,32:00,32.0,1166,EURONET KÖLN,0,Benelux,DHL Global Forwarding,,,,0,0.0,0.0
98,NL,CZ,Y,PCNL012CZ04A,,PEP_EIN_PLZ_01,EINDHOVEN,Plzen,1900-01-03 03:00:00,0.0,1900-01-03 15:00:00,,X,X,X,X,,,Trailer,13.6,470,,0.5,12.0,749,EURONET KÖLN,0,Benelux,DHL Freight (Netherlands) B.V.  ,,,,0,0.0,0.0
99,NL,CZ,Y,PCNL012CZ04A,,PEP_EIN_PLZ_01,EINDHOVEN,Plzen,1900-01-03 03:00:00,2.0,1900-01-03 13:00:00,,,,,,X,,Trailer,13.6,470,,58:00,58.0,749,EURONET KÖLN,0,Benelux,DHL Freight (Netherlands) B.V.  ,,,,0,0.0,0.0
100,NL,GB,Y,PCNL01GB01E,,PEP_EIN_RYT_05,EINDHOVEN,Ryton Gateway,1900-01-03 03:00:00,0.0,1900-01-03 16:00:00,,X,X,X,X,,,Trailer,13.6,470,,,13.0,620,EURONET KÖLN,0,Benelux,Heinloth,,,,0,0.0,0.0
101,NL,GB,Y,PCNL01GB01E,,PEP_EIN_RYT_05,EINDHOVEN,Ryton Gateway,1900-01-03 03:00:00,1.0,1900-01-03 13:00:00,,,,,,X,,Trailer,13.6,470,SORTED ON SUNDAY'S,,34.0,620,EURONET KÖLN,0,Benelux,Heinloth,,,,0,0.0,0.0
102,DE,GR,Y,PCDE902GR01A,Weltpaket (DPI),NUE SPT 01,Feucht,Spata,1900-01-03 11:00:00,3.0,1900-01-03 06:45:00,X,X,X,X,X,,,Trailer,13.6,562,,77:45,67.75,2225,DEUTSCHE POST,3400,DPDHL,Wildenhofer,1.52808988764045,,,1,50.18450184501850,1.5280898876404500
103,DE,RO,Y,PCDE902RO02A,Weltpaket (DPI),NUE OMR 01,Feucht,Oradea,1900-01-03 06:30:00,1.0,1900-01-03 09:00:00,,X,X,X,X,X,,Trailer,13.6,562,,26:30,26.5,1072,DEUTSCHE POST,2065,DPDHL,Geis T & L,1.92630597014925,,,1,77.9245283018868,1.9263059701492500
104,DE,HU,Y,PCDE902HU01A,Weltpaket (DPI),NUE BUD 01,Feucht,Budapest,1900-01-03 07:00:00,0.0,1900-01-03 20:30:00,,X,X,X,X,X,,Trailer,13.6,562,,13:30:00,13.5,752,DEUTSCHE POST,891.27,DPDHL,Heinloth Trans East,1.18519946808511,,,1,66.02,1.1851994680851100
105,DE,BG,Y,PCDE902BG01A,Weltpaket (DPI),NUE SOF 01,Feucht,Sofia,1900-01-03 07:00:00,2.0,1900-01-03 05:45:00,,X,X,X,X,X,,Trailer,13.6,562,,53:30,46.75,1505,DEUTSCHE POST,2015,DPDHL,Geis T & L,1.33887043189369,,,1,43.101604278074900,1.3388704318936900
106,DE,ES,N,PCDE672ES01B,Weltpaket (DPI),SPE SPM 01,Speyer,Barcelona,1900-01-03 07:00:00,1.0,1900-01-03 14:00:00,X,X,X,X,X,X,,Trailer,13.6,562,,31:00,31.0,1229,DEUTSCHE POST,1520,DPDHL,DHL Spanien,1.23677786818552,,,1,49.03225806451610,1.2367778681855200
107,DE,ES,N,PCDE672ES01C,Weltpaket (DPI),SPE SPM 02,Speyer,Barcelona,1900-01-03 06:00:00,1.0,1900-01-03 13:00:00,,X,X,X,X,X,,Trailer,13.6,562,,31:00,31.0,1229,DEUTSCHE POST,1520,DPDHL,DHL Spanien,1.23677786818552,,,1,49.03225806451610,1.2367778681855200
108,DE,ES,N,PCDE672ES01D,Weltpaket (DPI),SPE SPM 03,Speyer,Barcelona,1900-01-03 07:30:00,1.0,1900-01-03 14:30:00,,X,X,X,X,X,,Trailer,13.6,562,,31:00,31.0,1229,DEUTSCHE POST,1410,DPDHL,DHL Spanien,1.14727420667209,,,1,45.483870967741900,1.1472742066720900
109,DE,ES,N,PCDE67ES02C,Weltpaket (DPI),SPE MAD 01,Speyer,Madrid,1900-01-03 07:30:00,1.0,1900-01-03 17:30:00,X,X,X,X,X,X,,Trailer,13.6,562,,34:00,34.0,1820,DEUTSCHE POST,1750,DPDHL,DHL Spanien,0.961538461538462,,,1,51.470588235294100,0.9615384615384620
110,DE,ES,N,PCDE67ES02D,Weltpaket (DPI),SPE MAD 02,Speyer,Madrid,1900-01-03 06:30:00,1.0,1900-01-03 16:30:00,,X,X,X,X,X,,Trailer,13.6,562,,34:00,34.0,1820,DEUTSCHE POST,1750,DPDHL,DHL Spanien,0.961538461538462,,,1,51.470588235294100,0.9615384615384620
111,DE,ES,N,PCDE67ES02E,Weltpaket (DPI),SPE MAD 03,Speyer,Madrid,1900-01-03 07:00:00,1.0,1900-01-03 17:00:00,,X,X,X,X,X,,Trailer,13.6,562,,34:00,34.0,1820,DEUTSCHE POST,1750,DPDHL,DHL Spanien,0.961538461538462,,,1,51.470588235294100,0.9615384615384620
112,DE,PT,N,PCDE67PT02B,Weltpaket (DPI),SPE LIS 01,Speyer,Lisbon,1900-01-03 07:00:00,1.0,1900-01-03 18:30:00,,X,,X,,X,,Trailer,13.6,562,,35:30,35.5,2286,DEUTSCHE POST,2300,DPDHL,DHL Spanien,1.00612423447069,,,1,64.78873239436620,1.006124234470690
113,DE,FR,Y,PCDE772FR01A,Weltpaket (DPI),LAR MCR 02,Lahr,COMBS LA VILLE,1900-01-03 07:00:00,0.0,1900-01-03 15:00:00,,X,,,X,,,Trailer,13.6,562,,1900-01-03 08:00:00,8.0,549,DEUTSCHE POST,1080,DPDHL,Döpke,1.9672131147541,,,1,135.0,1.9672131147541000
114,DE,HR,Y,PCDE902HR01A,Weltpaket (DPI),NUE ZAG 05,Feucht,Zagreb,1900-01-03 06:50:00,0.0,1900-01-03 16:05:00,,X,X,X,X,X,,Van,4.0,562,,09:15:00,9.25,680,DEUTSCHE POST,0,DPDHL,n.a.,n.a.,,,1,0.0,0.0
115,DE,HR,Y,PCDE902HR01B,Weltpaket (DPI),NUE ZAG 01,Feucht,Zagreb,1900-01-03 06:15:00,0.0,1900-01-03 15:00:00,X,X,X,X,X,,,Van,4.0,562,,08:45:00,8.75,680,DEUTSCHE POST,385,DPDHL,Rückerl,0.566176470588235,,,1,44.0,0.5661764705882350
116,DE,HR,Y,PCDE902HR01C,Weltpaket (DPI),NUE ZAG 02,Feucht,Zagreb,1900-01-03 07:00:00,0.0,1900-01-03 15:45:00,X,X,X,X,X,X,,Van,4.0,562,,08:45:00,8.75,680,DEUTSCHE POST,365,DPDHL,Rückerl,0.536764705882353,,,1,41.714285714285700,0.5367647058823530
117,DE,HR,Y,PCDE902HR01D,Weltpaket (DPI),NUE ZAG 04,Feucht,Zagreb,1900-01-03 08:00:00,0.0,1900-01-03 17:15:00,,X,X,X,X,X,,Van,4.0,562,,09:15:00,9.25,680,DEUTSCHE POST,460,DPDHL,Rückerl,0.676470588235294,,,1,49.729729729729700,0.6764705882352940
118,DE,HR,Y,PCDE902HR01E,Weltpaket (DPI),NUE ZAG 03,Feucht,Zagreb,1900-01-03 07:15:00,0.0,1900-01-03 16:00:00,,X,X,X,X,X,,Van,4.0,562,,08:45:00,8.75,680,DEUTSCHE POST,460,DPDHL,Rückerl,0.676470588235294,,,1,52.57142857142860,0.6764705882352940
119,DE,HR,Y,PCDE902HR01F,Weltpaket (DPI),NUE ZAG 61,Feucht,Zagreb,1900-01-03 06:15:00,0.0,1900-01-03 15:00:00,,,,,,X,,Van,4.0,562,,08:45:00,8.75,680,DEUTSCHE POST,460,DPDHL,Rückerl,0.676470588235294,,,1,52.57142857142860,0.6764705882352940
120,DE,SI,Y,PCDE932SI01A,Weltpaket (DPI),REG LJU 01,Regensburg,Ljubljana,1900-01-03 07:30:00,0.0,1900-01-03 16:30:00,X,X,X,X,X,,,Trailer,13.6,562,,0.375,9.0,470,DEUTSCHE POST,1275,DPDHL,Logsystems,2.71276595744681,,,1,141.66666666666700,2.7127659574468100
121,DE,SK,Y,PCDE93SK01A,Weltpaket (DPI),REG BTS 01,Regensburg,Ivanka pri Dunaji,1900-01-03 06:30:00,0.0,1900-01-03 16:30:00,X,X,X,X,X,,,Trailer,13.6,562,,0.4166666666666670,10.0,505,DEUTSCHE POST,835,DPDHL,Geis Eurocargo,1.65346534653465,,,1,83.5,1.6534653465346500
122,DE,CZ,Y,PCDE042CZ02A,Weltpaket (DPI),LEJ NML 01,Radefeld,Krupka,1900-01-03 07:30:00,0.0,1900-01-03 10:00:00,X,X,X,X,X,,,2 swap bodies,14.9,562,,02:30:00,2.5,180,DEUTSCHE POST,410,DPDHL,PE-MI,2.27777777777778,,,1,164.0,2.2777777777777800
123,DE,FI,Y,PCDE212FI02A,Weltpaket (DPI),HAM VAT 01,Hamburg,Vantaa,1900-01-03 08:30:00,2.0,1900-01-03 12:00:00,X,X,X,X,X,,,Sea Container,11.7,562,,51:30,51.5,1333,DEUTSCHE POST,1719.62,DPDHL,Bruhn,1.29003750937734,,,1,33.390679611650500,1.2900375093773400
124,DE,SE,Y,PCDE212SE01A,Weltpaket (DPI),HAM MMA 03,Hamburg,Malmö,1900-01-03 09:15:00,0.0,1900-01-03 14:15:00,X,X,X,X,X,,,Trailer,13.6,562,,0.2083333333333330,5.0,391,DEUTSCHE POST,1275,DPDHL,DHL Köln,3.26086956521739,,,1,255.0,3.260869565217390
125,DE,NO,Y,PCDE212NO01A,Weltpaket (DPI),HAM OSL 01,Hamburg,Oslo,1900-01-03 09:00:00,0.0,1900-01-03 20:30:00,X,X,X,X,X,,,Trailer,13.6,562,,11:30:00,11.5,815,DEUTSCHE POST,1700,DPDHL,Scandi,2.08588957055215,,,1,147.82608695652200,2.085889570552150
126,DE,DK,Y,PCDE212DK02A,Weltpaket (DPI),HAM FRC 01,Hamburg,Kolding,1900-01-03 10:00:00,0.0,1900-01-03 14:15:00,X,X,X,X,X,,,Trailer,13.6,562,,04:15:00,4.25,275,DEUTSCHE POST,658,DPDHL,Scandi,2.39272727272727,,,1,154.8235294117650,2.3927272727272700
127,DE,LT,Y,PCDE042LT01A,Weltpaket (DPI),LEJ KUN 01,Radefeld,Kaunas,1900-01-03 08:00:00,1.0,1900-01-03 06:00:00,X,X,X,X,X,,,Trailer,13.6,562,,22:00,22.0,1131,DEUTSCHE POST,1250,DPDHL,DHL Wustermark,1.105216622458,,,1,56.81818181818180,1.1052166224580000
128,SI,DE,Y,PCSI012DE90A,Weltpaket (DPI),ZAG NUE 01,Ljubljana,Feucht,1900-01-03 18:00:00,1.0,1900-01-03 05:30:00,,X,X,X,X,X,,Van,4.0,562,Ljubljana just a stop on the Zagreb->Feucht linehaul,11:30,11.5,470,DEUTSCHE POST,0,DPDHL,Rückerl,,,,1,0.0,0.0
129,NL,DE,Y,PCNL03DE46A,,T 1B46,Zaltbommel,Dorsten,1900-01-03 07:30:00,0.0,1900-01-03 10:40:00,X,X,X,X,X,,,2 swap bodies,14.9,470,,,3.16666666666667,99999,,0,,,,,,1,0.0,0.0
130,NL,DE,Y,PCNL03DE46B,,T 1B46,Zaltbommel,Dorsten,1900-01-03 07:50:00,0.0,1900-01-03 11:00:00,X,X,X,X,X,,,2 swap bodies,14.9,470,,,3.16666666666667,99999,,0,,,,,,1,0.0,0.0
131,NL,DE,Y,PCNL03DE46C,,T 1B46,Zaltbommel,Dorsten,1900-01-03 11:35:00,0.0,1900-01-03 14:45:00,X,X,X,X,X,,,2 swap bodies,14.9,470,,,3.16666666666667,99999,,0,,,,,,1,0.0,0.0
132,NL,DE,Y,PCNL03DE46D,,T 1B46,Zaltbommel,Dorsten,1900-01-03 11:55:00,0.0,1900-01-03 15:05:00,X,X,X,X,X,,,2 swap bodies,14.9,470,,,3.16666666666667,99999,,0,,,,,,1,0.0,0.0
133,NL,DE,Y,PCNL03DE46E,,T 1B46,Zaltbommel,Dorsten,1900-01-03 12:15:00,0.0,1900-01-03 15:25:00,X,X,X,X,X,,,2 swap bodies,14.9,470,,,3.16666666666667,99999,,0,,,,,,1,0.0,0.0
134,NL,DE,Y,PCNL03DE46F,,T 1B46,Zaltbommel,Dorsten,1900-01-03 12:35:00,0.0,1900-01-03 15:45:00,X,X,X,X,X,,,2 swap bodies,14.9,470,,,3.16666666666667,99999,,0,,,,,,1,0.0,0.0
135,NL,DE,Y,PCNL03DE46G,,T 1B46,Zaltbommel,Dorsten,1900-01-03 12:55:00,0.0,1900-01-03 16:05:00,X,X,X,X,X,,,2 swap bodies,14.9,470,,,3.16666666666667,99999,,0,,,,,,1,0.0,0.0
136,NL,DE,Y,PCNL03DE46H,,T 1B46,Zaltbommel,Dorsten,1900-01-03 13:10:00,0.0,1900-01-03 16:20:00,X,X,X,X,X,,,2 swap bodies,14.9,470,,,3.16666666666667,99999,,0,,,,,,1,0.0,0.0
137,DE,GB,Y,PCDE46GB01C,Weltpaket (DPI),DON RYN 03,Dorsten,Ryton Gateway,1900-01-03 06:00:00,0.0,1900-01-03 19:00:00,,X,X,X,X,X,,Trailer,13.6,562,,0.5416666666666670,13.0,800,DEUTSCHE POST,0,DPDHL,DHL Köln (LPX),0,,,1,0.0,0.0
138,DE,GB,Y,PCDE46GB01D,Weltpaket (DPI),DON RYN 04,Dorsten,Ryton Gateway,1900-01-03 05:00:00,0.0,1900-01-03 19:00:00,X,X,X,X,X,X,,Trailer,13.6,562,,0.5833333333333330,14.0,800,DEUTSCHE POST,0,DPDHL,Kölner Flitzer,0,,,1,0.0,0.0
139,DE,GB,Y,PCDE46GB01E,Weltpaket (DPI),DON RYN 05,Dorsten,Ryton Gateway,1900-01-03 03:00:00,0.0,1900-01-03 18:00:00,X,X,X,X,X,,,Trailer,13.6,562,,0.625,15.0,800,DEUTSCHE POST,0,DPDHL,DHL Köln (Heinloth),0,,,1,0.0,0.0
140,AT,DE,Y,PCATA0DE93A,Weltpaket (DPI),T A093,Wien 1,Regensburg,1900-01-03 05:30:00,0.0,1900-01-03 11:35:00,X,X,X,X,X,,,2 swap bodies,14.9,562,,06:05:00,6.08333333333333,400,DPAG,0,DPAG,Euronet Domestic,,,,1,0.0,0.0
141,AT,DE,Y,PCATA0DE93B,Weltpaket (DPI),T A093,Wien 1,Regensburg,1900-01-03 22:30:00,1.0,1900-01-03 04:35:00,X,X,X,X,X,,,2 swap bodies,14.9,562,,1900-01-03 06:05:00,6.08333333333333,400,DPAG,0,DPAG,Euronet Domestic,,,,1,0.0,0.0
142,AT,DE,Y,PCATA2DE93A,Weltpaket (DPI),T A293,Hagenbrunn,Regensburg,1900-01-03 05:30:00,0.0,1900-01-03 11:55:00,X,X,X,X,X,,,2 swap bodies,14.9,562,,06:25:00,6.41666666666667,420,DPAG,0,DPAG,Euronet Domestic,,,,1,0.0,0.0
143,AT,DE,Y,PCATA4DE93A,Weltpaket (DPI),T A493,Allhaming,Regensburg,1900-01-03 05:30:00,0.0,1900-01-03 10:00:00,X,X,X,X,X,,,2 swap bodies,14.9,562,,04:30:00,4.5,200,DPAG,0,DPAG,Euronet Domestic,,,,1,0.0,0.0
144,AT,DE,Y,PCATA4DE93B,Weltpaket (DPI),T A493,Allhaming,Regensburg,1900-01-03 07:30:00,0.0,1900-01-03 11:20:00,X,X,X,X,X,,,2 swap bodies,14.9,562,,03:50:00,3.83333333333333,200,DPAG,0,DPAG,Euronet Domestic,,,,1,0.0,0.0
145,AT,DE,Y,PCATA4DE93C,Weltpaket (DPI),T A493,Allhaming,Regensburg,1900-01-03 09:30:00,0.0,1900-01-03 12:20:00,X,X,X,X,X,,,2 swap bodies,14.9,562,,02:50:00,2.83333333333333,200,DPAG,0,DPAG,Euronet Domestic,,,,1,0.0,0.0
146,AT,DE,Y,PCATA4DE93D,Weltpaket (DPI),T A493,Allhaming,Regensburg,1900-01-03 09:35:00,0.0,1900-01-03 12:25:00,X,X,X,X,X,,,2 swap bodies,14.9,562,,02:50:00,2.83333333333333,200,DPAG,0,DPAG,Euronet Domestic,,,,1,0.0,0.0
147,AT,DE,Y,PCATA4DE93E,Weltpaket (DPI),T A493,Allhaming,Regensburg,1900-01-03 14:20:00,0.0,1900-01-03 17:55:00,X,X,X,X,X,,,2 swap bodies,14.9,562,,03:35:00,3.58333333333333,200,DPAG,0,DPAG,Euronet Domestic,,,,1,0.0,0.0
148,AT,DE,Y,PCATA6DE93A,Weltpaket (DPI),T A693,Enns,Regensburg,1900-01-03 22:30:00,1.0,1900-01-03 02:25:00,X,X,X,X,X,,,2 swap bodies,14.9,562,,03:55,3.91666666666667,234,DPAG,0,DPAG,Euronet Domestic,,,,1,0.0,0.0
149,AT,DE,Y,PCATA9DE93A,Weltpaket (DPI),T A993,Wernberg,Regensburg,1900-01-03 21:30:00,1.0,1900-01-03 04:30:00,X,X,X,X,X,,,2 swap bodies,14.9,562,,07:00,7.0,400,DPAG,0,DPAG,Euronet Domestic,,,,1,0.0,0.0
150,DE,AT,Y,PCDE93ATA0A,Weltpaket (DPI),T 93A0,Regensburg,Wien 1,1900-01-03 13:15:00,0.0,1900-01-09 15:15:00,X,X,X,X,X,,,2 swap bodies,14.9,562,,6.08333333333333,146.0,400,DPAG,0,DPDHL,EURONET Domestic DE,,,,1,0.0,0.0
151,DE,AT,Y,PCDE93ATA0B,Weltpaket (DPI),T 93A0,Regensburg,Wien 1,1900-01-03 13:20:00,0.0,1900-01-09 15:20:00,X,X,X,X,X,,,2 swap bodies,14.9,562,,6.08333333333333,146.0,400,DPAG,0,DPDHL,EURONET Domestic DE,,,,1,0.0,0.0
152,DE,AT,Y,PCDE93ATA0C,Weltpaket (DPI),T 93A0,Regensburg,Wien 1,1900-01-03 13:40:00,0.0,1900-01-09 15:40:00,X,X,X,X,X,,,2 swap bodies,14.9,562,,6.08333333333333,146.0,400,DPAG,0,DPDHL,EURONET Domestic DE,,,,1,0.0,0.0
153,DE,AT,Y,PCDE93ATA0D,Weltpaket (DPI),T 93A0,Regensburg,Wien 1,1900-01-03 14:50:00,0.0,1900-01-09 16:50:00,X,X,X,X,X,,,2 swap bodies,14.9,562,,6.08333333333333,146.0,400,DPAG,0,DPDHL,EURONET Domestic DE,,,,1,0.0,0.0
154,DE,AT,Y,PCDE93ATA0E,Weltpaket (DPI),T 93A0,Regensburg,Wien 1,1900-01-03 15:00:00,0.0,1900-01-09 17:00:00,X,X,X,X,X,,,2 swap bodies,14.9,562,,6.08333333333333,146.0,400,DPAG,0,DPDHL,EURONET Domestic DE,,,,1,0.0,0.0
155,DE,AT,Y,PCDE93ATA1A,Weltpaket (DPI),T 93A1,Regensburg,Liesing,1900-01-03 13:30:00,0.0,1900-01-03 19:30:00,X,X,X,X,X,,,2 swap bodies,14.9,562,,06:00,6.0,400,DPAG,0,DPDHL,EURONET Domestic DE,,,,1,0.0,0.0
156,DE,AT,Y,PCDE93ATA1B,Weltpaket (DPI),T 93A1,Regensburg,Liesing,1900-01-03 15:00:00,0.0,1900-01-03 21:00:00,X,X,X,X,X,,,2 swap bodies,14.9,562,,06:00,6.0,400,DPAG,0,DPDHL,EURONET Domestic DE,,,,1,0.0,0.0
157,DE,AT,Y,PCDE93ATA2A,Weltpaket (DPI),T 93A2,Regensburg,Hagenbrunn,1900-01-03 10:30:00,0.0,1900-01-03 16:55:00,X,X,X,X,X,,,2 swap bodies,14.9,562,,06:25:00,6.41666666666667,420,DPAG,0,DPDHL,EURONET Domestic DE,,,,1,0.0,0.0
158,DE,AT,Y,PCDE93ATA2B,Weltpaket (DPI),T 93A2,Regensburg,Hagenbrunn,1900-01-03 11:30:00,0.0,1900-01-03 17:55:00,X,X,X,X,X,,,2 swap bodies,14.9,562,,06:25:00,6.41666666666667,420,DPAG,0,DPDHL,EURONET Domestic DE,,,,1,0.0,0.0
159,DE,AT,Y,PCDE93ATA2C,Weltpaket (DPI),T 93A2,Regensburg,Hagenbrunn,1900-01-03 12:45:00,0.0,1900-01-03 19:10:00,X,X,X,X,X,,,2 swap bodies,14.9,562,,06:25:00,6.41666666666667,420,DPAG,0,DPDHL,EURONET Domestic DE,,,,1,0.0,0.0
160,DE,AT,Y,PCDE93ATA2D,Weltpaket (DPI),T 93A2,Regensburg,Hagenbrunn,1900-01-03 13:30:00,0.0,1900-01-03 19:55:00,X,X,X,X,X,,,2 swap bodies,14.9,562,,06:25:00,6.41666666666667,420,DPAG,0,DPDHL,EURONET Domestic DE,,,,1,0.0,0.0
161,DE,AT,Y,PCDE93ATA2E,Weltpaket (DPI),T 93A2,Regensburg,Hagenbrunn,1900-01-03 14:30:00,0.0,1900-01-03 20:55:00,X,X,X,X,X,,,2 swap bodies,14.9,562,,06:25:00,6.41666666666667,420,DPAG,0,DPDHL,EURONET Domestic DE,,,,1,0.0,0.0
162,DE,AT,Y,PCDE93ATA2F,Weltpaket (DPI),T 93A2,Regensburg,Hagenbrunn,1900-01-03 06:30:00,1.0,1900-01-03 21:30:00,,,,,,X,,2 swap bodies,14.9,562,,0.625,39.0,420,DPAG,0,DPDHL,EURONET Domestic DE,,,,1,0.0,0.0
163,DE,AT,Y,PCDE93ATA3A,Weltpaket (DPI),T 93A3,Regensburg,Wien 2,1900-01-03 13:30:00,0.0,1900-01-03 19:40:00,X,X,X,X,X,,,2 swap bodies,14.9,562,,06:10:00,6.16666666666667,411,DPAG,0,DPDHL,EURONET Domestic DE,,,,1,0.0,0.0
164,DE,AT,Y,PCDE93ATA3B,Weltpaket (DPI),T 93A3,Regensburg,Wien 2,1900-01-03 14:50:00,0.0,1900-01-03 21:00:00,X,X,X,X,X,,,2 swap bodies,14.9,562,,06:10:00,6.16666666666667,411,DPAG,0,DPDHL,EURONET Domestic DE,,,,1,0.0,0.0
165,DE,AT,Y,PCDE93ATA4A,Weltpaket (DPI),T 93A4,Regensburg,Allhaming,1900-01-03 10:30:00,0.0,1900-01-03 13:20:00,X,X,X,X,X,,,2 swap bodies,14.9,562,,02:50:00,2.83333333333333,200,DPAG,0,DPDHL,EURONET Domestic DE,,,,1,0.0,0.0
166,DE,AT,Y,PCDE93ATA4B,Weltpaket (DPI),T 93A4,Regensburg,Allhaming,1900-01-03 13:25:00,0.0,1900-01-03 17:00:00,X,X,X,X,X,,,2 swap bodies,14.9,562,,03:35:00,3.58333333333333,200,DPAG,0,DPDHL,EURONET Domestic DE,,,,1,0.0,0.0
167,DE,AT,Y,PCDE93ATA4C,Weltpaket (DPI),T 93A4,Regensburg,Allhaming,1900-01-03 14:40:00,0.0,1900-01-03 17:30:00,X,X,X,X,X,,,2 swap bodies,14.9,562,,02:50:00,2.83333333333333,200,DPAG,0,DPDHL,EURONET Domestic DE,,,,1,0.0,0.0
168,DE,AT,Y,PCDE93ATA4D,Weltpaket (DPI),T 93A4,Regensburg,Allhaming,1900-01-03 16:30:00,0.0,1900-01-03 19:20:00,X,X,X,X,X,,,2 swap bodies,14.9,562,,02:50:00,2.83333333333333,200,DPAG,0,DPDHL,EURONET Domestic DE,,,,1,0.0,0.0
169,DE,AT,Y,PCDE93ATA4E,Weltpaket (DPI),T 93A4,Regensburg,Allhaming,1900-01-03 13:20:00,0.0,1900-01-03 21:00:00,X,X,X,X,X,,,2 swap bodies,14.9,562,,07:40:00,7.66666666666667,200,DPAG,0,DPDHL,EURONET Domestic DE,,,,1,0.0,0.0
170,DE,AT,Y,PCDE93ATA5A,Weltpaket (DPI),T 93A5,Regensburg,Wals,1900-01-03 12:30:00,0.0,1900-01-03 16:40:00,X,X,X,X,X,,,2 swap bodies,14.9,562,,04:10:00,4.16666666666667,200,DPAG,0,DPDHL,EURONET Domestic DE,,,,1,0.0,0.0
171,DE,AT,Y,PCDE93ATA5B,Weltpaket (DPI),T 93A5,Regensburg,Wals,1900-01-03 13:30:00,0.0,1900-01-03 16:55:00,X,X,X,X,X,,,2 swap bodies,14.9,562,,03:25:00,3.41666666666667,200,DPAG,0,DPDHL,EURONET Domestic DE,,,,1,0.0,0.0
172,DE,AT,Y,PCDE93ATA6A,Weltpaket (DPI),T 93A6,Regensburg,Enns,1900-01-03 11:00:00,0.0,1900-01-03 14:55:00,X,X,X,X,X,,,2 swap bodies,14.9,562,,03:55:00,3.91666666666667,234,DPAG,0,DPDHL,EURONET Domestic DE,,,,1,0.0,0.0
173,DE,AT,Y,PCDE93ATA6B,Weltpaket (DPI),T 93A6,Regensburg,Enns,1900-01-03 15:10:00,0.0,1900-01-03 18:20:00,X,X,X,X,X,,,2 swap bodies,14.9,562,,03:10:00,3.16666666666667,234,DPAG,0,DPDHL,EURONET Domestic DE,,,,1,0.0,0.0
174,DE,AT,Y,PCDE93ATA6C,Weltpaket (DPI),T 93A6,Regensburg,Enns,1900-01-03 16:50:00,0.0,1900-01-03 20:00:00,X,X,X,X,X,,,2 swap bodies,14.9,562,,03:10:00,3.16666666666667,234,DPAG,0,DPDHL,EURONET Domestic DE,,,,1,0.0,0.0
175,DE,AT,Y,PCDE93ATA7A,Weltpaket (DPI),T 93A7,Regensburg,Kalsdorf,1900-01-03 11:15:00,0.0,1900-01-03 17:30:00,X,X,X,X,X,,,2 swap bodies,14.9,562,,06:15:00,6.25,400,DPAG,0,DPDHL,EURONET Domestic DE,,,,1,0.0,0.0
176,DE,AT,Y,PCDE93ATA7B,Weltpaket (DPI),T 93A7,Regensburg,Kalsdorf,1900-01-03 12:15:00,0.0,1900-01-03 18:30:00,X,X,X,X,X,,,2 swap bodies,14.9,562,,06:15:00,6.25,400,DPAG,0,DPDHL,EURONET Domestic DE,,,,1,0.0,0.0
177,DE,AT,Y,PCDE93ATA7C,Weltpaket (DPI),T 93A7,Regensburg,Kalsdorf,1900-01-03 13:30:00,0.0,1900-01-03 20:05:00,X,X,X,X,X,,,2 swap bodies,14.9,562,,06:35:00,6.58333333333333,400,DPAG,0,DPDHL,EURONET Domestic DE,,,,1,0.0,0.0
178,DE,AT,Y,PCDE93ATA7D,Weltpaket (DPI),T 93A7,Regensburg,Kalsdorf,1900-01-03 09:00:00,1.0,1900-01-03 23:40:00,,,,,,X,,2 swap bodies,14.9,562,,14:40:00,38.6666666666667,400,DPAG,0,DPDHL,EURONET Domestic DE,,,,1,0.0,0.0
179,DE,AT,Y,PCDE93ATA8A,Weltpaket (DPI),T 93A8,Regensburg,Wundschuh,1900-01-03 12:15:00,0.0,1900-01-03 19:00:00,X,X,X,X,X,,,2 swap bodies,14.9,562,,06:45:00,6.75,400,DPAG,0,DPDHL,EURONET Domestic DE,,,,1,0.0,0.0
180,DE,AT,Y,PCDE93ATA8B,Weltpaket (DPI),T 93A8,Regensburg,Wundschuh,1900-01-03 13:35:00,0.0,1900-01-03 19:50:00,X,X,X,X,X,,,2 swap bodies,14.9,562,,06:15:00,6.25,400,DPAG,0,DPDHL,EURONET Domestic DE,,,,1,0.0,0.0
181,DE,AT,Y,PCDE93ATA9A,Weltpaket (DPI),T 93A9,Regensburg,Wernberg,1900-01-03 12:30:00,0.0,1900-01-03 19:30:00,X,X,X,X,X,,,2 swap bodies,14.9,562,,0.2916666666666670,7.0,400,DPAG,0,DPDHL,EURONET Domestic DE,,,,1,0.0,0.0
182,DE,AT,Y,PCDE93ATA9B,Weltpaket (DPI),T 93A9,Regensburg,Wernberg,1900-01-03 13:30:00,0.0,1900-01-03 20:30:00,X,X,X,X,X,,,2 swap bodies,14.9,562,,0.2916666666666670,7.0,400,DPAG,0,DPDHL,EURONET Domestic DE,,,,1,0.0,0.0
183,DE,AT,Y,PCDE93ATAAA,Weltpaket (DPI),T 93AA,Regensburg,Hall,1900-01-03 14:30:00,0.0,1900-01-03 18:25:00,X,X,X,X,X,,,2 swap bodies,14.9,562,,03:55:00,3.91666666666667,300,DPAG,0,DPDHL,EURONET Domestic DE,,,,1,0.0,0.0
184,DE,AT,Y,PCDE93ATAAB,Weltpaket (DPI),T 93AA,Regensburg,Hall,1900-01-03 13:30:00,0.0,1900-01-03 17:25:00,X,,,X,,,,2 swap bodies,14.9,562,,03:55:00,3.91666666666667,300,DPAG,0,DPDHL,EURONET Domestic DE,,,,1,0.0,0.0
185,PL,AT,Y,PLCZAT01,,,Zabrze,Hagenbrunn,1900-01-03 10:00:00,0.0,1900-01-03 18:30:00,X,X,X,X,X,,,Trailer,13.6,619,"Cost Share Model: AT 45,99%, PL 37,70%, CZ 16,31%",08:30:00,8.5,386,PPL,417.5,Shared,,,Milkrun Zabrze - Ostrava - Brno - Hagenbrunn,,0,49.11764705882350,1.0816062176165800
186,PL,CZ,Y,PLCZAT01,,,Zabrze,Hagenbrunn,1900-01-03 10:00:00,0.0,1900-01-03 18:30:00,X,X,X,X,X,,,Trailer,13.6,619,"Cost Share Model: AT 45,99%, PL 37,70%, CZ 16,31%",08:30:00,8.5,386,PPL,417.5,Shared,,,Milkrun Zabrze - Ostrava - Brno - Hagenbrunn,,0,49.11764705882350,1.0816062176165800
187,CZ,AT,Y,PLCZAT01,,,Brno,Hagenbrunn,1900-01-03 15:30:00,0.0,1900-01-03 18:30:00,X,X,X,X,X,,,Trailer,13.6,446,"Cost Share Model: AT 45,99%, PL 37,70%, CZ 16,31%",3 h,3.0,130,PPL,0,Shared,,,Milkrun Zabrze - Ostrava - Brno - Hagenbrunn,,0,0.0,0.0
188,CZ,SK,Y,PCCZ01SK01A,,,Brno,Ivanka pri Dunaji,1900-01-03 19:00:00,0.0,1900-01-03 21:00:00,X,X,X,X,X,,,Cargo 50 m3,,446,,0.08333333333333330,2.0,150,PPL,0,PPL,,,,,0,0.0,0.0
189,CZ,SK,Y,PCCZ05SK02A,,,Hradec Kralove - Brezhrad,Strečno,1900-01-03 18:45:00,0.0,1900-01-03 22:00:00,X,X,X,X,X,,,2 swap bodies,14.9,446,,03:15:00,3.25,310,PPL,0,PPL,,,,,0,0.0,0.0
190,CZ,SK,Y,PCCZ06SK02A,,,Olomouc,Strečno,1900-01-03 21:30:00,1.0,1900-01-03 00:01:00,X,X,X,X,X,,,2 swap bodies,14.9,446,,1900-01-03 02:31:00,2.51666666666667,190,PPL,0,PPL,,,,,0,0.0,0.0
191,CZ,SK,Y,PCCZ03SK02A,,,Ostrava,Strečno,1900-01-03 12:00:00,0.0,1900-01-03 14:00:00,X,X,X,X,X,,,Cargo 50 m3,,446,,0.08333333333333330,2.0,120,PPL,0,PPL,,,,,0,0.0,0.0
192,CZ,SK,Y,PCCZ03SK02B,,,Ostrava,Strečno,1900-01-03 20:00:00,0.0,1900-01-03 22:00:00,X,X,X,X,X,,,Cargo 50 m3,,446,,0.08333333333333330,2.0,120,PPL,0,PPL,,,,,0,0.0,0.0
193,CZ,SK,Y,PCCZ03SK02C,,,Ostrava,Strečno,1900-01-03 21:00:00,0.0,1900-01-03 23:00:00,X,X,X,X,X,,,Van 22m3,4.0,446,,0.08333333333333330,2.0,120,PPL,0,PPL,,,,,0,0.0,0.0
194,CZ,SK,Y,PCCZ07SK01A,,,Ricany - Jazlovice,Ivanka pri Dunaji,1900-01-03 05:00:00,0.0,1900-01-03 11:00:00,X,X,X,X,X,,,4 swap bodies,29.8,446,,0.25,6.0,330,PPL,0,PPL,,,,,0,0.0,0.0
195,CZ,SK,Y,PCCZ08SK02A,,,Zlin,Strečno,1900-01-03 20:00:00,0.0,1900-01-03 21:30:00,X,X,X,X,X,,,Van 15 m3,4.0,446,,01:30:00,1.5,130,PPL,0,PPL,,,,,0,0.0,0.0
196,SK,CZ,Y,PCSK01CZ07A,,,Ivanka pri Dunaji,Ricany - Jazlovice,1900-01-03 18:30:00,1.0,1900-01-03 00:01:00,X,X,X,X,X,,,Trailer,13.6,562,,1900-01-03 06:00:00,5.51666666666667,330,In Time,0,In Time,,,,,0,0.0,0.0
197,CZ,HU,Y,PCCZ01HU02A,,,Brno,OLK,1900-01-03 14:00:00,0.0,1900-01-03 22:00:00,X,X,X,X,X,,,Van 15 m3,4.0,446,,0.3333333333333330,8.0,320,PPL,0,PPL,,,,,0,0.0,0.0
198,HU,DE,Y,PCHU01DE93A,,,NPKK,Regensburg,1900-01-03 05:00:00,0.0,1900-01-03 14:00:00,X,X,X,X,X,X,,Van,3.0,562,Stopover at Slovakian Post in Bratislava,0.375,9.0,700,Magyar Posta,0,Magyar Posta,Magyar Posta,,,,1,0.0,0.0
199,SE,DE,Y,PCSE03DE24A,,,Helsingborg,Neumünster,1900-01-03 07:00:00,0.0,1900-01-03 13:00:00,,X,X,X,X,X,,Trailer,13.6,562,,,6.0,99999,DHL Freight ,0,,,,,,1,0.0,0.0
200,LT,DE,Y,PCLT01DE04A,,CBTFIDE01,Kaunas,Radefeld,1900-01-03 21:00:00,1.0,1900-01-03 15:00:00,X,X,X,,,X,,Trailer,13.6,562,,1900-01-03 18:00:00,18.0,1155,Posti / Itella,0,Posti / Itella,Posti / Itella,,,,1,0.0,0.0