,Origin,Dest.,Transit,agg,city,DE,DIRECT,NL,PL,LT,FI,SK,ES,CZ
0,AT,AT,,ATAT,,0.0,0.0,0.0,0.0,0.0,0.0,0.0,0.0,0.0
1,AT,BE,DE,ATBE,,1.0,0.0,0.0,0.0,0.0,0.0,0.0,0.0,0.0
2,AT,BG,DE,ATBG,,1.0,0.0,0.0,0.0,0.0,0.0,0.0,0.0,0.0
3,AT,CZ,DIRECT,ATCZ,,0.0,1.0,0.0,0.0,0.0,0.0,0.0,0.0,0.0
4,AT,DE,DIRECT,ATDE,,0.0,1.0,0.0,0.0,0.0,0.0,0.0,0.0,0.0
5,AT,DK,DE,ATDK,,1.0,0.0,0.0,0.0,0.0,0.0,0.0,0.0,0.0
6,AT,EE,"DE
LT",ATEE,,1.0,0.0,0.0,0.0,1.0,0.0,0.0,0.0,0.0
7,AT,ES,DE,ATES,,1.0,0.0,0.0,0.0,0.0,0.0,0.0,0.0,0.0
8,AT,FI,DE,ATFI,,1.0,0.0,0.0,0.0,0.0,0.0,0.0,0.0,0.0
9,AT,FR,DE,ATFR,,1.0,0.0,0.0,0.0,0.0,0.0,0.0,0.0,0.0
10,AT,GB,DE,ATGB,,1.0,0.0,0.0,0.0,0.0,0.0,0.0,0.0,0.0
11,AT,GR,DE,ATGR,,1.0,0.0,0.0,0.0,0.0,0.0,0.0,0.0,0.0
12,AT,HR,DE,ATHR,,1.0,0.0,0.0,0.0,0.0,0.0,0.0,0.0,0.0
13,AT,HU,DE,ATHU,,1.0,0.0,0.0,0.0,0.0,0.0,0.0,0.0,0.0
14,AT,IE,DE,ATIE,,1.0,0.0,0.0,0.0,0.0,0.0,0.0,0.0,0.0
15,AT,LT,,ATLT,,0.0,0.0,0.0,0.0,0.0,0.0,0.0,0.0,0.0
16,AT,LU,DE,ATLU,,1.0,0.0,0.0,0.0,0.0,0.0,0.0,0.0,0.0
17,AT,LV,"DE
LT",ATLV,,1.0,0.0,0.0,0.0,1.0,0.0,0.0,0.0,0.0
18,AT,NL,DE,ATNL,,1.0,0.0,0.0,0.0,0.0,0.0,0.0,0.0,0.0
19,AT,NO,,ATNO,,0.0,0.0,0.0,0.0,0.0,0.0,0.0,0.0,0.0
20,AT,PL,DIRECT,ATPL,,0.0,1.0,0.0,0.0,0.0,0.0,0.0,0.0,0.0
21,AT,PT,DE,ATPT,,1.0,0.0,0.0,0.0,0.0,0.0,0.0,0.0,0.0
22,AT,RO,DE,ATRO,,1.0,0.0,0.0,0.0,0.0,0.0,0.0,0.0,0.0
23,AT,SE,DE,ATSE,,1.0,0.0,0.0,0.0,0.0,0.0,0.0,0.0,0.0
24,AT,SI,DE,ATSI,,1.0,0.0,0.0,0.0,0.0,0.0,0.0,0.0,0.0
25,AT,SK,DE,ATSK,,1.0,0.0,0.0,0.0,0.0,0.0,0.0,0.0,0.0
26,AT,CY,DE,ATCY,,1.0,0.0,0.0,0.0,0.0,0.0,0.0,0.0,0.0
27,AT,IT,DE,ATIT,,1.0,0.0,0.0,0.0,0.0,0.0,0.0,0.0,0.0
28,BE,AT,NL,BEAT,,0.0,0.0,1.0,0.0,0.0,0.0,0.0,0.0,0.0
29,BE,BE,NL,BEBE,,0.0,0.0,1.0,0.0,0.0,0.0,0.0,0.0,0.0
30,BE,BG,NL,BEBG,,0.0,0.0,1.0,0.0,0.0,0.0,0.0,0.0,0.0
31,BE,CZ,NL,BECZ,,0.0,0.0,1.0,0.0,0.0,0.0,0.0,0.0,0.0
32,BE,DE,NL,BEDE,,0.0,0.0,1.0,0.0,0.0,0.0,0.0,0.0,0.0
33,BE,DK,NL,BEDK,,0.0,0.0,1.0,0.0,0.0,0.0,0.0,0.0,0.0
34,BE,EE,NL,BEEE,,0.0,0.0,1.0,0.0,0.0,0.0,0.0,0.0,0.0
35,BE,ES,NL,BEES,,0.0,0.0,1.0,0.0,0.0,0.0,0.0,0.0,0.0
36,BE,FI,NL,BEFI,,0.0,0.0,1.0,0.0,0.0,0.0,0.0,0.0,0.0
37,BE,FR,NL,BEFR,,0.0,0.0,1.0,0.0,0.0,0.0,0.0,0.0,0.0
38,BE,GB,NL,BEGB,,0.0,0.0,1.0,0.0,0.0,0.0,0.0,0.0,0.0
39,BE,GR,NL,BEGR,,0.0,0.0,1.0,0.0,0.0,0.0,0.0,0.0,0.0
40,BE,HR,NL,BEHR,,0.0,0.0,1.0,0.0,0.0,0.0,0.0,0.0,0.0
41,BE,HU,NL,BEHU,,0.0,0.0,1.0,0.0,0.0,0.0,0.0,0.0,0.0
42,BE,IE,NL,BEIE,,0.0,0.0,1.0,0.0,0.0,0.0,0.0,0.0,0.0
43,BE,LT,NL,BELT,,0.0,0.0,1.0,0.0,0.0,0.0,0.0,0.0,0.0
44,BE,LU,NL,BELU,,0.0,0.0,1.0,0.0,0.0,0.0,0.0,0.0,0.0
45,BE,LV,NL,BELV,,0.0,0.0,1.0,0.0,0.0,0.0,0.0,0.0,0.0
46,BE,NL,NL,BENL,,0.0,0.0,1.0,0.0,0.0,0.0,0.0,0.0,0.0
47,BE,NO,NL,BENO,,0.0,0.0,1.0,0.0,0.0,0.0,0.0,0.0,0.0
48,BE,PL,NL,BEPL,,0.0,0.0,1.0,0.0,0.0,0.0,0.0,0.0,0.0
49,BE,PT,NL,BEPT,,0.0,0.0,1.0,0.0,0.0,0.0,0.0,0.0,0.0
50,BE,RO,NL,BERO,,0.0,0.0,1.0,0.0,0.0,0.0,0.0,0.0,0.0
51,BE,SE,NL,BESE,,0.0,0.0,1.0,0.0,0.0,0.0,0.0,0.0,0.0
52,BE,SI,NL,BESI,,0.0,0.0,1.0,0.0,0.0,0.0,0.0,0.0,0.0
53,BE,SK,NL,BESK,,0.0,0.0,1.0,0.0,0.0,0.0,0.0,0.0,0.0
54,BE,CY,NL,BECY,,0.0,0.0,1.0,0.0,0.0,0.0,0.0,0.0,0.0
55,BE,IT,NL,BEIT,,0.0,0.0,1.0,0.0,0.0,0.0,0.0,0.0,0.0
56,BG,AT,DE,BGAT,,1.0,0.0,0.0,0.0,0.0,0.0,0.0,0.0,0.0
57,BG,BE,DE,BGBE,,1.0,0.0,0.0,0.0,0.0,0.0,0.0,0.0,0.0
58,BG,BG,,BGBG,,0.0,0.0,0.0,0.0,0.0,0.0,0.0,0.0,0.0
59,BG,CZ,DE,BGCZ,,1.0,0.0,0.0,0.0,0.0,0.0,0.0,0.0,0.0
60,BG,DE,DIRECT,BGDE,,0.0,1.0,0.0,0.0,0.0,0.0,0.0,0.0,0.0
61,BG,DK,DE,BGDK,,1.0,0.0,0.0,0.0,0.0,0.0,0.0,0.0,0.0
62,BG,EE,"DE
LT",BGEE,,1.0,0.0,0.0,0.0,1.0,0.0,0.0,0.0,0.0
63,BG,ES,DE,BGES,,1.0,0.0,0.0,0.0,0.0,0.0,0.0,0.0,0.0
64,BG,FI,DE,BGFI,,1.0,0.0,0.0,0.0,0.0,0.0,0.0,0.0,0.0
65,BG,FR,DE,BGFR,,1.0,0.0,0.0,0.0,0.0,0.0,0.0,0.0,0.0
66,BG,GB,DE,BGGB,,1.0,0.0,0.0,0.0,0.0,0.0,0.0,0.0,0.0
67,BG,GR,DE,BGGR,,1.0,0.0,0.0,0.0,0.0,0.0,0.0,0.0,0.0
68,BG,HR,DE,BGHR,,1.0,0.0,0.0,0.0,0.0,0.0,0.0,0.0,0.0
69,BG,HU,DE,BGHU,,1.0,0.0,0.0,0.0,0.0,0.0,0.0,0.0,0.0
70,BG,IE,DE,BGIE,,1.0,0.0,0.0,0.0,0.0,0.0,0.0,0.0,0.0
71,BG,LT,DE,BGLT,,1.0,0.0,0.0,0.0,0.0,0.0,0.0,0.0,0.0
72,BG,LU,DE,BGLU,,1.0,0.0,0.0,0.0,0.0,0.0,0.0,0.0,0.0
73,BG,LV,"DE
LT",BGLV,,1.0,0.0,0.0,0.0,1.0,0.0,0.0,0.0,0.0
74,BG,NL,DE,BGNL,,1.0,0.0,0.0,0.0,0.0,0.0,0.0,0.0,0.0
75,BG,NO,,BGNO,,0.0,0.0,0.0,0.0,0.0,0.0,0.0,0.0,0.0
76,BG,PL,DE,BGPL,,1.0,0.0,0.0,0.0,0.0,0.0,0.0,0.0,0.0
77,BG,PT,DE,BGPT,,1.0,0.0,0.0,0.0,0.0,0.0,0.0,0.0,0.0
78,BG,RO,DIRECT,BGRO,,0.0,1.0,0.0,0.0,0.0,0.0,0.0,0.0,0.0
79,BG,SE,DE,BGSE,,1.0,0.0,0.0,0.0,0.0,0.0,0.0,0.0,0.0
80,BG,SI,DE,BGSI,,1.0,0.0,0.0,0.0,0.0,0.0,0.0,0.0,0.0
81,BG,SK,DIRECT,BGSK,,0.0,1.0,0.0,0.0,0.0,0.0,0.0,0.0,0.0
82,BG,CY,DE,BGCY,,1.0,0.0,0.0,0.0,0.0,0.0,0.0,0.0,0.0
83,BG,IT,DE,BGIT,,1.0,0.0,0.0,0.0,0.0,0.0,0.0,0.0,0.0
84,CZ,AT,DIRECT,CZAT,,0.0,1.0,0.0,0.0,0.0,0.0,0.0,0.0,0.0
85,CZ,BE,DE,CZBE,,1.0,0.0,0.0,0.0,0.0,0.0,0.0,0.0,0.0
86,CZ,BG,DE,CZBG,,1.0,0.0,0.0,0.0,0.0,0.0,0.0,0.0,0.0
87,CZ,CZ,,CZCZ,,0.0,0.0,0.0,0.0,0.0,0.0,0.0,0.0,0.0
88,CZ,DE,DIRECT,CZDE,,0.0,1.0,0.0,0.0,0.0,0.0,0.0,0.0,0.0
89,CZ,DK,DE,CZDK,,1.0,0.0,0.0,0.0,0.0,0.0,0.0,0.0,0.0
90,CZ,EE,"PL
LT",CZEE,,0.0,0.0,0.0,1.0,1.0,0.0,0.0,0.0,0.0
91,CZ,ES,DE,CZES,,1.0,0.0,0.0,0.0,0.0,0.0,0.0,0.0,0.0
92,CZ,FI,DE,CZFI,,1.0,0.0,0.0,0.0,0.0,0.0,0.0,0.0,0.0
93,CZ,FR,DE,CZFR,,1.0,0.0,0.0,0.0,0.0,0.0,0.0,0.0,0.0
94,CZ,GB,DE,CZGB,,1.0,0.0,0.0,0.0,0.0,0.0,0.0,0.0,0.0
95,CZ,GR,DE,CZGR,,1.0,0.0,0.0,0.0,0.0,0.0,0.0,0.0,0.0
96,CZ,HR,DE,CZHR,,1.0,0.0,0.0,0.0,0.0,0.0,0.0,0.0,0.0
97,CZ,HU,DIRECT,CZHU,,0.0,1.0,0.0,0.0,0.0,0.0,0.0,0.0,0.0
98,CZ,IE,DE,CZIE,,1.0,0.0,0.0,0.0,0.0,0.0,0.0,0.0,0.0
99,CZ,LT,PL,CZLT,,0.0,0.0,0.0,1.0,0.0,0.0,0.0,0.0,0.0
100,CZ,LU,DE,CZLU,,1.0,0.0,0.0,0.0,0.0,0.0,0.0,0.0,0.0
101,CZ,LV,"PL
LT",CZLV,,0.0,0.0,0.0,1.0,1.0,0.0,0.0,0.0,0.0
102,CZ,NL,DE,CZNL,,1.0,0.0,0.0,0.0,0.0,0.0,0.0,0.0,0.0
103,CZ,NO,,CZNO,,0.0,0.0,0.0,0.0,0.0,0.0,0.0,0.0,0.0
104,CZ,PL,DIRECT,CZPL,,0.0,1.0,0.0,0.0,0.0,0.0,0.0,0.0,0.0
105,CZ,PT,DE,CZPT,,1.0,0.0,0.0,0.0,0.0,0.0,0.0,0.0,0.0
106,CZ,RO,DE,CZRO,,1.0,0.0,0.0,0.0,0.0,0.0,0.0,0.0,0.0
107,CZ,SE,DE,CZSE,,1.0,0.0,0.0,0.0,0.0,0.0,0.0,0.0,0.0
108,CZ,SI,DE,CZSI,,1.0,0.0,0.0,0.0,0.0,0.0,0.0,0.0,0.0
109,CZ,SK,DIRECT,CZSK,,0.0,1.0,0.0,0.0,0.0,0.0,0.0,0.0,0.0
110,CZ,CY,DE,CZCY,,1.0,0.0,0.0,0.0,0.0,0.0,0.0,0.0,0.0
111,CZ,IT,DE,CZIT,,1.0,0.0,0.0,0.0,0.0,0.0,0.0,0.0,0.0
112,DE,AT,DIRECT,DEAT,,0.0,1.0,0.0,0.0,0.0,0.0,0.0,0.0,0.0
113,DE,BE,DIRECT,DEBE,,0.0,1.0,0.0,0.0,0.0,0.0,0.0,0.0,0.0
114,DE,BG,DIRECT,DEBG,,0.0,1.0,0.0,0.0,0.0,0.0,0.0,0.0,0.0
115,DE,CZ,DIRECT,DECZ,,0.0,1.0,0.0,0.0,0.0,0.0,0.0,0.0,0.0
116,DE,DE,,DEDE,,0.0,0.0,0.0,0.0,0.0,0.0,0.0,0.0,0.0
117,DE,DK,DIRECT,DEDK,,0.0,1.0,0.0,0.0,0.0,0.0,0.0,0.0,0.0
118,DE,EE,LT,DEEE,,0.0,0.0,0.0,0.0,1.0,0.0,0.0,0.0,0.0
119,DE,ES,DIRECT,DEES,,0.0,1.0,0.0,0.0,0.0,0.0,0.0,0.0,0.0
120,DE,FI,DIRECT,DEFI,,0.0,1.0,0.0,0.0,0.0,0.0,0.0,0.0,0.0
121,DE,FR,DIRECT,DEFR,,0.0,1.0,0.0,0.0,0.0,0.0,0.0,0.0,0.0
122,DE,GB,DIRECT,DEGB,,0.0,1.0,0.0,0.0,0.0,0.0,0.0,0.0,0.0
123,DE,GR,DIRECT,DEGR,,0.0,1.0,0.0,0.0,0.0,0.0,0.0,0.0,0.0
124,DE,HR,DIRECT,DEHR,,0.0,1.0,0.0,0.0,0.0,0.0,0.0,0.0,0.0
125,DE,HU,DIRECT,DEHU,,0.0,1.0,0.0,0.0,0.0,0.0,0.0,0.0,0.0
126,DE,IE,DIRECT,DEIE,,0.0,1.0,0.0,0.0,0.0,0.0,0.0,0.0,0.0
127,DE,LT,DIRECT,DELT,,0.0,1.0,0.0,0.0,0.0,0.0,0.0,0.0,0.0
128,DE,LU,DIRECT,DELU,,0.0,1.0,0.0,0.0,0.0,0.0,0.0,0.0,0.0
129,DE,LV,LT,DELV,,0.0,0.0,0.0,0.0,1.0,0.0,0.0,0.0,0.0
130,DE,NL,DIRECT,DENL,,0.0,1.0,0.0,0.0,0.0,0.0,0.0,0.0,0.0
131,DE,NO,,DENO,,0.0,0.0,0.0,0.0,0.0,0.0,0.0,0.0,0.0
132,DE,PL,DIRECT,DEPL,,0.0,1.0,0.0,0.0,0.0,0.0,0.0,0.0,0.0
133,DE,PT,DIRECT,DEPT,,0.0,1.0,0.0,0.0,0.0,0.0,0.0,0.0,0.0
134,DE,RO,DIRECT,DERO,,0.0,1.0,0.0,0.0,0.0,0.0,0.0,0.0,0.0
135,DE,SE,DIRECT,DESE,,0.0,1.0,0.0,0.0,0.0,0.0,0.0,0.0,0.0
136,DE,SI,DIRECT,DESI,,0.0,1.0,0.0,0.0,0.0,0.0,0.0,0.0,0.0
137,DE,SK,DIRECT,DESK,,0.0,1.0,0.0,0.0,0.0,0.0,0.0,0.0,0.0
138,DE,CY,DE,DECY,,1.0,0.0,0.0,0.0,0.0,0.0,0.0,0.0,0.0
139,DE,IT,DIRECT,DEIT,,0.0,1.0,0.0,0.0,0.0,0.0,0.0,0.0,0.0
140,DK,AT,,DKAT,,0.0,0.0,0.0,0.0,0.0,0.0,0.0,0.0,0.0
141,DK,BE,,DKBE,,0.0,0.0,0.0,0.0,0.0,0.0,0.0,0.0,0.0
142,DK,BG,,DKBG,,0.0,0.0,0.0,0.0,0.0,0.0,0.0,0.0,0.0
143,DK,CZ,,DKCZ,,0.0,0.0,0.0,0.0,0.0,0.0,0.0,0.0,0.0
144,DK,DE,,DKDE,,0.0,0.0,0.0,0.0,0.0,0.0,0.0,0.0,0.0
145,DK,DK,,DKDK,,0.0,0.0,0.0,0.0,0.0,0.0,0.0,0.0,0.0
146,DK,EE,,DKEE,,0.0,0.0,0.0,0.0,0.0,0.0,0.0,0.0,0.0
147,DK,ES,,DKES,,0.0,0.0,0.0,0.0,0.0,0.0,0.0,0.0,0.0
148,DK,FI,,DKFI,,0.0,0.0,0.0,0.0,0.0,0.0,0.0,0.0,0.0
149,DK,FR,,DKFR,,0.0,0.0,0.0,0.0,0.0,0.0,0.0,0.0,0.0
150,DK,GB,,DKGB,,0.0,0.0,0.0,0.0,0.0,0.0,0.0,0.0,0.0
151,DK,GR,,DKGR,,0.0,0.0,0.0,0.0,0.0,0.0,0.0,0.0,0.0
152,DK,HR,,DKHR,,0.0,0.0,0.0,0.0,0.0,0.0,0.0,0.0,0.0
153,DK,HU,,DKHU,,0.0,0.0,0.0,0.0,0.0,0.0,0.0,0.0,0.0
154,DK,IE,,DKIE,,0.0,0.0,0.0,0.0,0.0,0.0,0.0,0.0,0.0
155,DK,LT,,DKLT,,0.0,0.0,0.0,0.0,0.0,0.0,0.0,0.0,0.0
156,DK,LU,,DKLU,,0.0,0.0,0.0,0.0,0.0,0.0,0.0,0.0,0.0
157,DK,LV,,DKLV,,0.0,0.0,0.0,0.0,0.0,0.0,0.0,0.0,0.0
158,DK,NL,,DKNL,,0.0,0.0,0.0,0.0,0.0,0.0,0.0,0.0,0.0
159,DK,NO,,DKNO,,0.0,0.0,0.0,0.0,0.0,0.0,0.0,0.0,0.0
160,DK,PL,,DKPL,,0.0,0.0,0.0,0.0,0.0,0.0,0.0,0.0,0.0
161,DK,PT,,DKPT,,0.0,0.0,0.0,0.0,0.0,0.0,0.0,0.0,0.0
162,DK,RO,,DKRO,,0.0,0.0,0.0,0.0,0.0,0.0,0.0,0.0,0.0
163,DK,SE,,DKSE,,0.0,0.0,0.0,0.0,0.0,0.0,0.0,0.0,0.0
164,DK,SI,,DKSI,,0.0,0.0,0.0,0.0,0.0,0.0,0.0,0.0,0.0
165,DK,SK,,DKSK,,0.0,0.0,0.0,0.0,0.0,0.0,0.0,0.0,0.0
166,DK,CY,,DKCY,,0.0,0.0,0.0,0.0,0.0,0.0,0.0,0.0,0.0
167,DK,IT,,DKIT,,0.0,0.0,0.0,0.0,0.0,0.0,0.0,0.0,0.0
168,EE,AT,"LT
DE",EEAT,,1.0,0.0,0.0,0.0,1.0,0.0,0.0,0.0,0.0
169,EE,BE,"LT
DE",EEBE,,1.0,0.0,0.0,0.0,1.0,0.0,0.0,0.0,0.0
170,EE,BG,"LT
DE",EEBG,,1.0,0.0,0.0,0.0,1.0,0.0,0.0,0.0,0.0
171,EE,CZ,"LT
DE",EECZ,,1.0,0.0,0.0,0.0,1.0,0.0,0.0,0.0,0.0
172,EE,DE,LT,EEDE,,0.0,0.0,0.0,0.0,1.0,0.0,0.0,0.0,0.0
173,EE,DK,"LT
DE",EEDK,,1.0,0.0,0.0,0.0,1.0,0.0,0.0,0.0,0.0
174,EE,EE,,EEEE,,0.0,0.0,0.0,0.0,0.0,0.0,0.0,0.0,0.0
175,EE,ES,"LT
DE",EEES,,1.0,0.0,0.0,0.0,1.0,0.0,0.0,0.0,0.0
176,EE,FI,DIRECT,EEFI,,0.0,1.0,0.0,0.0,0.0,0.0,0.0,0.0,0.0
177,EE,FR,"LT
DE",EEFR,,1.0,0.0,0.0,0.0,1.0,0.0,0.0,0.0,0.0
178,EE,GB,"LT
DE",EEGB,,1.0,0.0,0.0,0.0,1.0,0.0,0.0,0.0,0.0
179,EE,GR,"LT
DE",EEGR,,1.0,0.0,0.0,0.0,1.0,0.0,0.0,0.0,0.0
180,EE,HR,"LT
DE",EEHR,,1.0,0.0,0.0,0.0,1.0,0.0,0.0,0.0,0.0
181,EE,HU,"LT
DE",EEHU,,1.0,0.0,0.0,0.0,1.0,0.0,0.0,0.0,0.0
182,EE,IE,"LT
DE",EEIE,,1.0,0.0,0.0,0.0,1.0,0.0,0.0,0.0,0.0
183,EE,LT,,EELT,,0.0,0.0,0.0,0.0,0.0,0.0,0.0,0.0,0.0
184,EE,LU,"LT
DE",EELU,,1.0,0.0,0.0,0.0,1.0,0.0,0.0,0.0,0.0
185,EE,LV,,EELV,,0.0,0.0,0.0,0.0,0.0,0.0,0.0,0.0,0.0
186,EE,NL,"LT
DE",EENL,,1.0,0.0,0.0,0.0,1.0,0.0,0.0,0.0,0.0
187,EE,NO,,EENO,,0.0,0.0,0.0,0.0,0.0,0.0,0.0,0.0,0.0
188,EE,PL,"LT
DE",EEPL,,1.0,0.0,0.0,0.0,1.0,0.0,0.0,0.0,0.0
189,EE,PT,"LT
DE",EEPT,,1.0,0.0,0.0,0.0,1.0,0.0,0.0,0.0,0.0
190,EE,RO,"LT
DE",EERO,,1.0,0.0,0.0,0.0,1.0,0.0,0.0,0.0,0.0
191,EE,SE,FI,EESE,,0.0,0.0,0.0,0.0,0.0,1.0,0.0,0.0,0.0
192,EE,SI,"LT
DE",EESI,,1.0,0.0,0.0,0.0,1.0,0.0,0.0,0.0,0.0
193,EE,SK,"LT
DE",EESK,,1.0,0.0,0.0,0.0,1.0,0.0,0.0,0.0,0.0
194,EE,CY,DE,EECY,,1.0,0.0,0.0,0.0,0.0,0.0,0.0,0.0,0.0
195,EE,IT,"LT
DE",EEIT,,1.0,0.0,0.0,0.0,1.0,0.0,0.0,0.0,0.0
196,ES,AT,DE,ESAT,,1.0,0.0,0.0,0.0,0.0,0.0,0.0,0.0,0.0
197,ES,BE,DE,ESBE,,1.0,0.0,0.0,0.0,0.0,0.0,0.0,0.0,0.0
198,ES,BG,DE,ESBG,,1.0,0.0,0.0,0.0,0.0,0.0,0.0,0.0,0.0
199,ES,CZ,DE,ESCZ,,1.0,0.0,0.0,0.0,0.0,0.0,0.0,0.0,0.0
200,ES,DE,DIRECT,ESDE,,0.0,1.0,0.0,0.0,0.0,0.0,0.0,0.0,0.0
201,ES,DK,DE,ESDK,,1.0,0.0,0.0,0.0,0.0,0.0,0.0,0.0,0.0
202,ES,EE,"DE
LT",ESEE,,1.0,0.0,0.0,0.0,1.0,0.0,0.0,0.0,0.0
203,ES,ES,,ESES,,0.0,0.0,0.0,0.0,0.0,0.0,0.0,0.0,0.0
204,ES,FI,DE,ESFI,,1.0,0.0,0.0,0.0,0.0,0.0,0.0,0.0,0.0
205,ES,FR,DIRECT,ESFR,,0.0,1.0,0.0,0.0,0.0,0.0,0.0,0.0,0.0
206,ES,GB,DE,ESGB,,1.0,0.0,0.0,0.0,0.0,0.0,0.0,0.0,0.0
207,ES,GR,DE,ESGR,,1.0,0.0,0.0,0.0,0.0,0.0,0.0,0.0,0.0
208,ES,HR,DE,ESHR,,1.0,0.0,0.0,0.0,0.0,0.0,0.0,0.0,0.0
209,ES,HU,DE,ESHU,,1.0,0.0,0.0,0.0,0.0,0.0,0.0,0.0,0.0
210,ES,IE,DE,ESIE,,1.0,0.0,0.0,0.0,0.0,0.0,0.0,0.0,0.0
211,ES,LT,DE,ESLT,,1.0,0.0,0.0,0.0,0.0,0.0,0.0,0.0,0.0
212,ES,LU,DE,ESLU,,1.0,0.0,0.0,0.0,0.0,0.0,0.0,0.0,0.0
213,ES,LV,"DE
LT",ESLV,,1.0,0.0,0.0,0.0,1.0,0.0,0.0,0.0,0.0
214,ES,NL,DE,ESNL,,1.0,0.0,0.0,0.0,0.0,0.0,0.0,0.0,0.0
215,ES,NO,,ESNO,,0.0,0.0,0.0,0.0,0.0,0.0,0.0,0.0,0.0
216,ES,PL,DE,ESPL,,1.0,0.0,0.0,0.0,0.0,0.0,0.0,0.0,0.0
217,ES,PT,DIRECT,ESPT,,0.0,1.0,0.0,0.0,0.0,0.0,0.0,0.0,0.0
218,ES,RO,DE,ESRO,,1.0,0.0,0.0,0.0,0.0,0.0,0.0,0.0,0.0
219,ES,SE,DE,ESSE,,1.0,0.0,0.0,0.0,0.0,0.0,0.0,0.0,0.0
220,ES,SI,DE,ESSI,,1.0,0.0,0.0,0.0,0.0,0.0,0.0,0.0,0.0
221,ES,SK,DE,ESSK,,1.0,0.0,0.0,0.0,0.0,0.0,0.0,0.0,0.0
222,ES,CY,DE,ESCY,,1.0,0.0,0.0,0.0,0.0,0.0,0.0,0.0,0.0
223,ES,IT,DE,ESIT,,1.0,0.0,0.0,0.0,0.0,0.0,0.0,0.0,0.0
224,FI,AT,"LT
DE",FIAT,,1.0,0.0,0.0,0.0,1.0,0.0,0.0,0.0,0.0
225,FI,BE,"LT
DE",FIBE,,1.0,0.0,0.0,0.0,1.0,0.0,0.0,0.0,0.0
226,FI,BG,"LT
DE",FIBG,,1.0,0.0,0.0,0.0,1.0,0.0,0.0,0.0,0.0
227,FI,CZ,"LT
DE",FICZ,,1.0,0.0,0.0,0.0,1.0,0.0,0.0,0.0,0.0
228,FI,DE,LT,FIDE,,0.0,0.0,0.0,0.0,1.0,0.0,0.0,0.0,0.0
229,FI,DK,DIRECT,FIDK,,0.0,1.0,0.0,0.0,0.0,0.0,0.0,0.0,0.0
230,FI,EE,,FIEE,,0.0,0.0,0.0,0.0,0.0,0.0,0.0,0.0,0.0
231,FI,ES,"LT
DE",FIES,,1.0,0.0,0.0,0.0,1.0,0.0,0.0,0.0,0.0
232,FI,FI,,FIFI,,0.0,0.0,0.0,0.0,0.0,0.0,0.0,0.0,0.0
233,FI,FR,"LT
DE",FIFR,,1.0,0.0,0.0,0.0,1.0,0.0,0.0,0.0,0.0
234,FI,GB,"LT
DE",FIGB,,1.0,0.0,0.0,0.0,1.0,0.0,0.0,0.0,0.0
235,FI,GR,"LT
DE",FIGR,,1.0,0.0,0.0,0.0,1.0,0.0,0.0,0.0,0.0
236,FI,HR,"LT
DE",FIHR,,1.0,0.0,0.0,0.0,1.0,0.0,0.0,0.0,0.0
237,FI,HU,"LT
DE",FIHU,,1.0,0.0,0.0,0.0,1.0,0.0,0.0,0.0,0.0
238,FI,IE,"LT
DE",FIIE,,1.0,0.0,0.0,0.0,1.0,0.0,0.0,0.0,0.0
239,FI,LT,,FILT,,0.0,0.0,0.0,0.0,0.0,0.0,0.0,0.0,0.0
240,FI,LU,"LT
DE",FILU,,1.0,0.0,0.0,0.0,1.0,0.0,0.0,0.0,0.0
241,FI,LV,,FILV,,0.0,0.0,0.0,0.0,0.0,0.0,0.0,0.0,0.0
242,FI,NL,"LT
DE",FINL,,1.0,0.0,0.0,0.0,1.0,0.0,0.0,0.0,0.0
243,FI,NO,,FINO,,0.0,0.0,0.0,0.0,0.0,0.0,0.0,0.0,0.0
244,FI,PL,"LT
DE",FIPL,,1.0,0.0,0.0,0.0,1.0,0.0,0.0,0.0,0.0
245,FI,PT,"LT
DE",FIPT,,1.0,0.0,0.0,0.0,1.0,0.0,0.0,0.0,0.0
246,FI,RO,"LT
DE",FIRO,,1.0,0.0,0.0,0.0,1.0,0.0,0.0,0.0,0.0
247,FI,SE,DIRECT,FISE,,0.0,1.0,0.0,0.0,0.0,0.0,0.0,0.0,0.0
248,FI,SI,"LT
DE",FISI,,1.0,0.0,0.0,0.0,1.0,0.0,0.0,0.0,0.0
249,FI,SK,"LT
DE",FISK,,1.0,0.0,0.0,0.0,1.0,0.0,0.0,0.0,0.0
250,FI,CY,DE,FICY,,1.0,0.0,0.0,0.0,0.0,0.0,0.0,0.0,0.0
251,FI,IT,"LT
DE",FIIT,,1.0,0.0,0.0,0.0,1.0,0.0,0.0,0.0,0.0
252,FR,AT,,FRAT,,0.0,0.0,0.0,0.0,0.0,0.0,0.0,0.0,0.0
253,FR,BE,,FRBE,,0.0,0.0,0.0,0.0,0.0,0.0,0.0,0.0,0.0
254,FR,BG,,FRBG,,0.0,0.0,0.0,0.0,0.0,0.0,0.0,0.0,0.0
255,FR,CZ,,FRCZ,,0.0,0.0,0.0,0.0,0.0,0.0,0.0,0.0,0.0
256,FR,DE,,FRDE,,0.0,0.0,0.0,0.0,0.0,0.0,0.0,0.0,0.0
257,FR,DK,,FRDK,,0.0,0.0,0.0,0.0,0.0,0.0,0.0,0.0,0.0
258,FR,EE,,FREE,,0.0,0.0,0.0,0.0,0.0,0.0,0.0,0.0,0.0
259,FR,ES,,FRES,,0.0,0.0,0.0,0.0,0.0,0.0,0.0,0.0,0.0
260,FR,FI,,FRFI,,0.0,0.0,0.0,0.0,0.0,0.0,0.0,0.0,0.0
261,FR,FR,,FRFR,,0.0,0.0,0.0,0.0,0.0,0.0,0.0,0.0,0.0
262,FR,GB,,FRGB,,0.0,0.0,0.0,0.0,0.0,0.0,0.0,0.0,0.0
263,FR,GR,,FRGR,,0.0,0.0,0.0,0.0,0.0,0.0,0.0,0.0,0.0
264,FR,HR,,FRHR,,0.0,0.0,0.0,0.0,0.0,0.0,0.0,0.0,0.0
265,FR,HU,,FRHU,,0.0,0.0,0.0,0.0,0.0,0.0,0.0,0.0,0.0
266,FR,IE,,FRIE,,0.0,0.0,0.0,0.0,0.0,0.0,0.0,0.0,0.0
267,FR,LT,,FRLT,,0.0,0.0,0.0,0.0,0.0,0.0,0.0,0.0,0.0
268,FR,LU,,FRLU,,0.0,0.0,0.0,0.0,0.0,0.0,0.0,0.0,0.0
269,FR,LV,,FRLV,,0.0,0.0,0.0,0.0,0.0,0.0,0.0,0.0,0.0
270,FR,NL,,FRNL,,0.0,0.0,0.0,0.0,0.0,0.0,0.0,0.0,0.0
271,FR,NO,,FRNO,,0.0,0.0,0.0,0.0,0.0,0.0,0.0,0.0,0.0
272,FR,PL,,FRPL,,0.0,0.0,0.0,0.0,0.0,0.0,0.0,0.0,0.0
273,FR,PT,,FRPT,,0.0,0.0,0.0,0.0,0.0,0.0,0.0,0.0,0.0
274,FR,RO,,FRRO,,0.0,0.0,0.0,0.0,0.0,0.0,0.0,0.0,0.0
275,FR,SE,,FRSE,,0.0,0.0,0.0,0.0,0.0,0.0,0.0,0.0,0.0
276,FR,SI,,FRSI,,0.0,0.0,0.0,0.0,0.0,0.0,0.0,0.0,0.0
277,FR,SK,,FRSK,,0.0,0.0,0.0,0.0,0.0,0.0,0.0,0.0,0.0
278,FR,CY,,FRCY,,0.0,0.0,0.0,0.0,0.0,0.0,0.0,0.0,0.0
279,FR,IT,,FRIT,,0.0,0.0,0.0,0.0,0.0,0.0,0.0,0.0,0.0
280,GB,AT,DE,GBAT,,1.0,0.0,0.0,0.0,0.0,0.0,0.0,0.0,0.0
281,GB,BE,DE,GBBE,,1.0,0.0,0.0,0.0,0.0,0.0,0.0,0.0,0.0
282,GB,BG,DE,GBBG,,1.0,0.0,0.0,0.0,0.0,0.0,0.0,0.0,0.0
283,GB,CZ,DE,GBCZ,,1.0,0.0,0.0,0.0,0.0,0.0,0.0,0.0,0.0
284,GB,DE,DIRECT,GBDE,,0.0,1.0,0.0,0.0,0.0,0.0,0.0,0.0,0.0
285,GB,DK,DE,GBDK,,1.0,0.0,0.0,0.0,0.0,0.0,0.0,0.0,0.0
286,GB,EE,"DE
LT",GBEE,,1.0,0.0,0.0,0.0,1.0,0.0,0.0,0.0,0.0
287,GB,ES,DE,GBES,,1.0,0.0,0.0,0.0,0.0,0.0,0.0,0.0,0.0
288,GB,FI,DE,GBFI,,1.0,0.0,0.0,0.0,0.0,0.0,0.0,0.0,0.0
289,GB,FR,DE,GBFR,,1.0,0.0,0.0,0.0,0.0,0.0,0.0,0.0,0.0
290,GB,GB,,GBGB,,0.0,0.0,0.0,0.0,0.0,0.0,0.0,0.0,0.0
291,GB,GR,DE,GBGR,,1.0,0.0,0.0,0.0,0.0,0.0,0.0,0.0,0.0
292,GB,HR,DE,GBHR,,1.0,0.0,0.0,0.0,0.0,0.0,0.0,0.0,0.0
293,GB,HU,DE,GBHU,,1.0,0.0,0.0,0.0,0.0,0.0,0.0,0.0,0.0
294,GB,IE,,GBIE,,0.0,0.0,0.0,0.0,0.0,0.0,0.0,0.0,0.0
295,GB,LT,DE,GBLT,,1.0,0.0,0.0,0.0,0.0,0.0,0.0,0.0,0.0
296,GB,LU,DE,GBLU,,1.0,0.0,0.0,0.0,0.0,0.0,0.0,0.0,0.0
297,GB,LV,"DE
LT",GBLV,,1.0,0.0,0.0,0.0,1.0,0.0,0.0,0.0,0.0
298,GB,NL,DE,GBNL,,1.0,0.0,0.0,0.0,0.0,0.0,0.0,0.0,0.0
299,GB,NO,,GBNO,,0.0,0.0,0.0,0.0,0.0,0.0,0.0,0.0,0.0
300,GB,PL,DE,GBPL,,1.0,0.0,0.0,0.0,0.0,0.0,0.0,0.0,0.0
301,GB,PT,DE,GBPT,,1.0,0.0,0.0,0.0,0.0,0.0,0.0,0.0,0.0
302,GB,RO,DE,GBRO,,1.0,0.0,0.0,0.0,0.0,0.0,0.0,0.0,0.0
303,GB,SE,DE,GBSE,,1.0,0.0,0.0,0.0,0.0,0.0,0.0,0.0,0.0
304,GB,SI,DE,GBSI,,1.0,0.0,0.0,0.0,0.0,0.0,0.0,0.0,0.0
305,GB,SK,DE,GBSK,,1.0,0.0,0.0,0.0,0.0,0.0,0.0,0.0,0.0
306,GB,CY,DE,GBCY,,1.0,0.0,0.0,0.0,0.0,0.0,0.0,0.0,0.0
307,GB,IT,DE,GBIT,,1.0,0.0,0.0,0.0,0.0,0.0,0.0,0.0,0.0
308,GR,AT,,GRAT,,0.0,0.0,0.0,0.0,0.0,0.0,0.0,0.0,0.0
309,GR,BE,,GRBE,,0.0,0.0,0.0,0.0,0.0,0.0,0.0,0.0,0.0
310,GR,BG,,GRBG,,0.0,0.0,0.0,0.0,0.0,0.0,0.0,0.0,0.0
311,GR,CZ,,GRCZ,,0.0,0.0,0.0,0.0,0.0,0.0,0.0,0.0,0.0
312,GR,DE,,GRDE,,0.0,0.0,0.0,0.0,0.0,0.0,0.0,0.0,0.0
313,GR,DK,,GRDK,,0.0,0.0,0.0,0.0,0.0,0.0,0.0,0.0,0.0
314,GR,EE,,GREE,,0.0,0.0,0.0,0.0,0.0,0.0,0.0,0.0,0.0
315,GR,ES,,GRES,,0.0,0.0,0.0,0.0,0.0,0.0,0.0,0.0,0.0
316,GR,FI,,GRFI,,0.0,0.0,0.0,0.0,0.0,0.0,0.0,0.0,0.0
317,GR,FR,,GRFR,,0.0,0.0,0.0,0.0,0.0,0.0,0.0,0.0,0.0
318,GR,GB,,GRGB,,0.0,0.0,0.0,0.0,0.0,0.0,0.0,0.0,0.0
319,GR,GR,,GRGR,,0.0,0.0,0.0,0.0,0.0,0.0,0.0,0.0,0.0
320,GR,HR,,GRHR,,0.0,0.0,0.0,0.0,0.0,0.0,0.0,0.0,0.0
321,GR,HU,,GRHU,,0.0,0.0,0.0,0.0,0.0,0.0,0.0,0.0,0.0
322,GR,IE,,GRIE,,0.0,0.0,0.0,0.0,0.0,0.0,0.0,0.0,0.0
323,GR,LT,,GRLT,,0.0,0.0,0.0,0.0,0.0,0.0,0.0,0.0,0.0
324,GR,LU,,GRLU,,0.0,0.0,0.0,0.0,0.0,0.0,0.0,0.0,0.0
325,GR,LV,,GRLV,,0.0,0.0,0.0,0.0,0.0,0.0,0.0,0.0,0.0
326,GR,NL,,GRNL,,0.0,0.0,0.0,0.0,0.0,0.0,0.0,0.0,0.0
327,GR,NO,,GRNO,,0.0,0.0,0.0,0.0,0.0,0.0,0.0,0.0,0.0
328,GR,PL,,GRPL,,0.0,0.0,0.0,0.0,0.0,0.0,0.0,0.0,0.0
329,GR,PT,,GRPT,,0.0,0.0,0.0,0.0,0.0,0.0,0.0,0.0,0.0
330,GR,RO,,GRRO,,0.0,0.0,0.0,0.0,0.0,0.0,0.0,0.0,0.0
331,GR,SE,,GRSE,,0.0,0.0,0.0,0.0,0.0,0.0,0.0,0.0,0.0
332,GR,SI,,GRSI,,0.0,0.0,0.0,0.0,0.0,0.0,0.0,0.0,0.0
333,GR,SK,,GRSK,,0.0,0.0,0.0,0.0,0.0,0.0,0.0,0.0,0.0
334,GR,CY,,GRCY,,0.0,0.0,0.0,0.0,0.0,0.0,0.0,0.0,0.0
335,GR,IT,,GRIT,,0.0,0.0,0.0,0.0,0.0,0.0,0.0,0.0,0.0
336,HR,AT,,HRAT,,0.0,0.0,0.0,0.0,0.0,0.0,0.0,0.0,0.0
337,HR,BE,,HRBE,,0.0,0.0,0.0,0.0,0.0,0.0,0.0,0.0,0.0
338,HR,BG,,HRBG,,0.0,0.0,0.0,0.0,0.0,0.0,0.0,0.0,0.0
339,HR,CZ,,HRCZ,,0.0,0.0,0.0,0.0,0.0,0.0,0.0,0.0,0.0
340,HR,DE,,HRDE,,0.0,0.0,0.0,0.0,0.0,0.0,0.0,0.0,0.0
341,HR,DK,,HRDK,,0.0,0.0,0.0,0.0,0.0,0.0,0.0,0.0,0.0
342,HR,EE,,HREE,,0.0,0.0,0.0,0.0,0.0,0.0,0.0,0.0,0.0
343,HR,ES,,HRES,,0.0,0.0,0.0,0.0,0.0,0.0,0.0,0.0,0.0
344,HR,FI,,HRFI,,0.0,0.0,0.0,0.0,0.0,0.0,0.0,0.0,0.0
345,HR,FR,,HRFR,,0.0,0.0,0.0,0.0,0.0,0.0,0.0,0.0,0.0
346,HR,GB,,HRGB,,0.0,0.0,0.0,0.0,0.0,0.0,0.0,0.0,0.0
347,HR,GR,,HRGR,,0.0,0.0,0.0,0.0,0.0,0.0,0.0,0.0,0.0
348,HR,HR,,HRHR,,0.0,0.0,0.0,0.0,0.0,0.0,0.0,0.0,0.0
349,HR,HU,,HRHU,,0.0,0.0,0.0,0.0,0.0,0.0,0.0,0.0,0.0
350,HR,IE,,HRIE,,0.0,0.0,0.0,0.0,0.0,0.0,0.0,0.0,0.0
351,HR,LT,,HRLT,,0.0,0.0,0.0,0.0,0.0,0.0,0.0,0.0,0.0
352,HR,LU,,HRLU,,0.0,0.0,0.0,0.0,0.0,0.0,0.0,0.0,0.0
353,HR,LV,,HRLV,,0.0,0.0,0.0,0.0,0.0,0.0,0.0,0.0,0.0
354,HR,NL,,HRNL,,0.0,0.0,0.0,0.0,0.0,0.0,0.0,0.0,0.0
355,HR,NO,,HRNO,,0.0,0.0,0.0,0.0,0.0,0.0,0.0,0.0,0.0
356,HR,PL,,HRPL,,0.0,0.0,0.0,0.0,0.0,0.0,0.0,0.0,0.0
357,HR,PT,,HRPT,,0.0,0.0,0.0,0.0,0.0,0.0,0.0,0.0,0.0
358,HR,RO,,HRRO,,0.0,0.0,0.0,0.0,0.0,0.0,0.0,0.0,0.0
359,HR,SE,,HRSE,,0.0,0.0,0.0,0.0,0.0,0.0,0.0,0.0,0.0
360,HR,SI,,HRSI,,0.0,0.0,0.0,0.0,0.0,0.0,0.0,0.0,0.0
361,HR,SK,,HRSK,,0.0,0.0,0.0,0.0,0.0,0.0,0.0,0.0,0.0
362,HR,CY,,HRCY,,0.0,0.0,0.0,0.0,0.0,0.0,0.0,0.0,0.0
363,HR,IT,,HRIT,,0.0,0.0,0.0,0.0,0.0,0.0,0.0,0.0,0.0
364,HU,AT,DIRECT,HUAT,,0.0,1.0,0.0,0.0,0.0,0.0,0.0,0.0,0.0
365,HU,BE,DE,HUBE,,1.0,0.0,0.0,0.0,0.0,0.0,0.0,0.0,0.0
366,HU,BG,DE,HUBG,,1.0,0.0,0.0,0.0,0.0,0.0,0.0,0.0,0.0
367,HU,CZ,SK,HUCZ,,0.0,0.0,0.0,0.0,0.0,0.0,1.0,0.0,0.0
368,HU,DE,DIRECT,HUDE,,0.0,1.0,0.0,0.0,0.0,0.0,0.0,0.0,0.0
369,HU,DK,DE,HUDK,,1.0,0.0,0.0,0.0,0.0,0.0,0.0,0.0,0.0
370,HU,EE,"DE
LT",HUEE,,1.0,0.0,0.0,0.0,1.0,0.0,0.0,0.0,0.0
371,HU,ES,DE,HUES,,1.0,0.0,0.0,0.0,0.0,0.0,0.0,0.0,0.0
372,HU,FI,DE,HUFI,,1.0,0.0,0.0,0.0,0.0,0.0,0.0,0.0,0.0
373,HU,FR,DE,HUFR,,1.0,0.0,0.0,0.0,0.0,0.0,0.0,0.0,0.0
374,HU,GB,DE,HUGB,,1.0,0.0,0.0,0.0,0.0,0.0,0.0,0.0,0.0
375,HU,GR,DE,HUGR,,1.0,0.0,0.0,0.0,0.0,0.0,0.0,0.0,0.0
376,HU,HR,DE,HUHR,,1.0,0.0,0.0,0.0,0.0,0.0,0.0,0.0,0.0
377,HU,HU,,HUHU,,0.0,0.0,0.0,0.0,0.0,0.0,0.0,0.0,0.0
378,HU,IE,DE,HUIE,,1.0,0.0,0.0,0.0,0.0,0.0,0.0,0.0,0.0
379,HU,LT,DE,HULT,,1.0,0.0,0.0,0.0,0.0,0.0,0.0,0.0,0.0
380,HU,LU,DE,HULU,,1.0,0.0,0.0,0.0,0.0,0.0,0.0,0.0,0.0
381,HU,LV,"DE
LT",HULV,,1.0,0.0,0.0,0.0,1.0,0.0,0.0,0.0,0.0
382,HU,NL,DE,HUNL,,1.0,0.0,0.0,0.0,0.0,0.0,0.0,0.0,0.0
383,HU,NO,,HUNO,,0.0,0.0,0.0,0.0,0.0,0.0,0.0,0.0,0.0
384,HU,PL,DE,HUPL,,1.0,0.0,0.0,0.0,0.0,0.0,0.0,0.0,0.0
385,HU,PT,DE,HUPT,,1.0,0.0,0.0,0.0,0.0,0.0,0.0,0.0,0.0
386,HU,RO,DIRECT,HURO,,0.0,1.0,0.0,0.0,0.0,0.0,0.0,0.0,0.0
387,HU,SE,DE,HUSE,,1.0,0.0,0.0,0.0,0.0,0.0,0.0,0.0,0.0
388,HU,SI,DE,HUSI,,1.0,0.0,0.0,0.0,0.0,0.0,0.0,0.0,0.0
389,HU,SK,DIRECT,HUSK,,0.0,1.0,0.0,0.0,0.0,0.0,0.0,0.0,0.0
390,HU,CY,DE,HUCY,,1.0,0.0,0.0,0.0,0.0,0.0,0.0,0.0,0.0
391,HU,IT,DE,HUIT,,1.0,0.0,0.0,0.0,0.0,0.0,0.0,0.0,0.0
392,IE,AT,,IEAT,,0.0,0.0,0.0,0.0,0.0,0.0,0.0,0.0,0.0
393,IE,BE,,IEBE,,0.0,0.0,0.0,0.0,0.0,0.0,0.0,0.0,0.0
394,IE,BG,,IEBG,,0.0,0.0,0.0,0.0,0.0,0.0,0.0,0.0,0.0
395,IE,CZ,,IECZ,,0.0,0.0,0.0,0.0,0.0,0.0,0.0,0.0,0.0
396,IE,DE,,IEDE,,0.0,0.0,0.0,0.0,0.0,0.0,0.0,0.0,0.0
397,IE,DK,,IEDK,,0.0,0.0,0.0,0.0,0.0,0.0,0.0,0.0,0.0
398,IE,EE,,IEEE,,0.0,0.0,0.0,0.0,0.0,0.0,0.0,0.0,0.0
399,IE,ES,,IEES,,0.0,0.0,0.0,0.0,0.0,0.0,0.0,0.0,0.0
400,IE,FI,,IEFI,,0.0,0.0,0.0,0.0,0.0,0.0,0.0,0.0,0.0
401,IE,FR,,IEFR,,0.0,0.0,0.0,0.0,0.0,0.0,0.0,0.0,0.0
402,IE,GB,,IEGB,,0.0,0.0,0.0,0.0,0.0,0.0,0.0,0.0,0.0
403,IE,GR,,IEGR,,0.0,0.0,0.0,0.0,0.0,0.0,0.0,0.0,0.0
404,IE,HR,,IEHR,,0.0,0.0,0.0,0.0,0.0,0.0,0.0,0.0,0.0
405,IE,HU,,IEHU,,0.0,0.0,0.0,0.0,0.0,0.0,0.0,0.0,0.0
406,IE,IE,,IEIE,,0.0,0.0,0.0,0.0,0.0,0.0,0.0,0.0,0.0
407,IE,LT,,IELT,,0.0,0.0,0.0,0.0,0.0,0.0,0.0,0.0,0.0
408,IE,LU,,IELU,,0.0,0.0,0.0,0.0,0.0,0.0,0.0,0.0,0.0
409,IE,LV,,IELV,,0.0,0.0,0.0,0.0,0.0,0.0,0.0,0.0,0.0
410,IE,NL,,IENL,,0.0,0.0,0.0,0.0,0.0,0.0,0.0,0.0,0.0
411,IE,NO,,IENO,,0.0,0.0,0.0,0.0,0.0,0.0,0.0,0.0,0.0
412,IE,PL,,IEPL,,0.0,0.0,0.0,0.0,0.0,0.0,0.0,0.0,0.0
413,IE,PT,,IEPT,,0.0,0.0,0.0,0.0,0.0,0.0,0.0,0.0,0.0
414,IE,RO,,IERO,,0.0,0.0,0.0,0.0,0.0,0.0,0.0,0.0,0.0
415,IE,SE,,IESE,,0.0,0.0,0.0,0.0,0.0,0.0,0.0,0.0,0.0
416,IE,SI,,IESI,,0.0,0.0,0.0,0.0,0.0,0.0,0.0,0.0,0.0
417,IE,SK,,IESK,,0.0,0.0,0.0,0.0,0.0,0.0,0.0,0.0,0.0
418,IE,CY,,IECY,,0.0,0.0,0.0,0.0,0.0,0.0,0.0,0.0,0.0
419,IE,IT,,IEIT,,0.0,0.0,0.0,0.0,0.0,0.0,0.0,0.0,0.0
420,LT,AT,DE,LTAT,,1.0,0.0,0.0,0.0,0.0,0.0,0.0,0.0,0.0
421,LT,BE,DE,LTBE,,1.0,0.0,0.0,0.0,0.0,0.0,0.0,0.0,0.0
422,LT,BG,DE,LTBG,,1.0,0.0,0.0,0.0,0.0,0.0,0.0,0.0,0.0
423,LT,CZ,DE,LTCZ,,1.0,0.0,0.0,0.0,0.0,0.0,0.0,0.0,0.0
424,LT,DE,DIRECT,LTDE,,0.0,1.0,0.0,0.0,0.0,0.0,0.0,0.0,0.0
425,LT,DK,DE,LTDK,,1.0,0.0,0.0,0.0,0.0,0.0,0.0,0.0,0.0
426,LT,EE,,LTEE,,0.0,0.0,0.0,0.0,0.0,0.0,0.0,0.0,0.0
427,LT,ES,DE,LTES,,1.0,0.0,0.0,0.0,0.0,0.0,0.0,0.0,0.0
428,LT,FI,DIRECT,LTFI,,0.0,1.0,0.0,0.0,0.0,0.0,0.0,0.0,0.0
429,LT,FR,DE,LTFR,,1.0,0.0,0.0,0.0,0.0,0.0,0.0,0.0,0.0
430,LT,GB,DE,LTGB,,1.0,0.0,0.0,0.0,0.0,0.0,0.0,0.0,0.0
431,LT,GR,DE,LTGR,,1.0,0.0,0.0,0.0,0.0,0.0,0.0,0.0,0.0
432,LT,HR,DE,LTHR,,1.0,0.0,0.0,0.0,0.0,0.0,0.0,0.0,0.0
433,LT,HU,DE,LTHU,,1.0,0.0,0.0,0.0,0.0,0.0,0.0,0.0,0.0
434,LT,IE,DE,LTIE,,1.0,0.0,0.0,0.0,0.0,0.0,0.0,0.0,0.0
435,LT,LT,,LTLT,,0.0,0.0,0.0,0.0,0.0,0.0,0.0,0.0,0.0
436,LT,LU,DE,LTLU,,1.0,0.0,0.0,0.0,0.0,0.0,0.0,0.0,0.0
437,LT,LV,,LTLV,,0.0,0.0,0.0,0.0,0.0,0.0,0.0,0.0,0.0
438,LT,NL,DE,LTNL,,1.0,0.0,0.0,0.0,0.0,0.0,0.0,0.0,0.0
439,LT,NO,,LTNO,,0.0,0.0,0.0,0.0,0.0,0.0,0.0,0.0,0.0
440,LT,PL,DE,LTPL,,1.0,0.0,0.0,0.0,0.0,0.0,0.0,0.0,0.0
441,LT,PT,DE,LTPT,,1.0,0.0,0.0,0.0,0.0,0.0,0.0,0.0,0.0
442,LT,RO,DE,LTRO,,1.0,0.0,0.0,0.0,0.0,0.0,0.0,0.0,0.0
443,LT,SE,FI,LTSE,,0.0,0.0,0.0,0.0,0.0,1.0,0.0,0.0,0.0
444,LT,SI,DE,LTSI,,1.0,0.0,0.0,0.0,0.0,0.0,0.0,0.0,0.0
445,LT,SK,DE,LTSK,,1.0,0.0,0.0,0.0,0.0,0.0,0.0,0.0,0.0
446,LT,CY,DE,LTCY,,1.0,0.0,0.0,0.0,0.0,0.0,0.0,0.0,0.0
447,LT,IT,DE,LTIT,,1.0,0.0,0.0,0.0,0.0,0.0,0.0,0.0,0.0
448,LU,AT,,LUAT,,0.0,0.0,0.0,0.0,0.0,0.0,0.0,0.0,0.0
449,LU,BE,,LUBE,,0.0,0.0,0.0,0.0,0.0,0.0,0.0,0.0,0.0
450,LU,BG,,LUBG,,0.0,0.0,0.0,0.0,0.0,0.0,0.0,0.0,0.0
451,LU,CZ,,LUCZ,,0.0,0.0,0.0,0.0,0.0,0.0,0.0,0.0,0.0
452,LU,DE,,LUDE,,0.0,0.0,0.0,0.0,0.0,0.0,0.0,0.0,0.0
453,LU,DK,,LUDK,,0.0,0.0,0.0,0.0,0.0,0.0,0.0,0.0,0.0
454,LU,EE,,LUEE,,0.0,0.0,0.0,0.0,0.0,0.0,0.0,0.0,0.0
455,LU,ES,,LUES,,0.0,0.0,0.0,0.0,0.0,0.0,0.0,0.0,0.0
456,LU,FI,,LUFI,,0.0,0.0,0.0,0.0,0.0,0.0,0.0,0.0,0.0
457,LU,FR,,LUFR,,0.0,0.0,0.0,0.0,0.0,0.0,0.0,0.0,0.0
458,LU,GB,,LUGB,,0.0,0.0,0.0,0.0,0.0,0.0,0.0,0.0,0.0
459,LU,GR,,LUGR,,0.0,0.0,0.0,0.0,0.0,0.0,0.0,0.0,0.0
460,LU,HR,,LUHR,,0.0,0.0,0.0,0.0,0.0,0.0,0.0,0.0,0.0
461,LU,HU,,LUHU,,0.0,0.0,0.0,0.0,0.0,0.0,0.0,0.0,0.0
462,LU,IE,,LUIE,,0.0,0.0,0.0,0.0,0.0,0.0,0.0,0.0,0.0
463,LU,LT,,LULT,,0.0,0.0,0.0,0.0,0.0,0.0,0.0,0.0,0.0
464,LU,LU,,LULU,,0.0,0.0,0.0,0.0,0.0,0.0,0.0,0.0,0.0
465,LU,LV,,LULV,,0.0,0.0,0.0,0.0,0.0,0.0,0.0,0.0,0.0
466,LU,NL,,LUNL,,0.0,0.0,0.0,0.0,0.0,0.0,0.0,0.0,0.0
467,LU,NO,,LUNO,,0.0,0.0,0.0,0.0,0.0,0.0,0.0,0.0,0.0
468,LU,PL,,LUPL,,0.0,0.0,0.0,0.0,0.0,0.0,0.0,0.0,0.0
469,LU,PT,,LUPT,,0.0,0.0,0.0,0.0,0.0,0.0,0.0,0.0,0.0
470,LU,RO,,LURO,,0.0,0.0,0.0,0.0,0.0,0.0,0.0,0.0,0.0
471,LU,SE,,LUSE,,0.0,0.0,0.0,0.0,0.0,0.0,0.0,0.0,0.0
472,LU,SI,,LUSI,,0.0,0.0,0.0,0.0,0.0,0.0,0.0,0.0,0.0
473,LU,SK,,LUSK,,0.0,0.0,0.0,0.0,0.0,0.0,0.0,0.0,0.0
474,LU,CY,,LUCY,,0.0,0.0,0.0,0.0,0.0,0.0,0.0,0.0,0.0
475,LU,IT,,LUIT,,0.0,0.0,0.0,0.0,0.0,0.0,0.0,0.0,0.0
476,LV,AT,"LT
DE",LVAT,,1.0,0.0,0.0,0.0,1.0,0.0,0.0,0.0,0.0
477,LV,BE,"LT
DE",LVBE,,1.0,0.0,0.0,0.0,1.0,0.0,0.0,0.0,0.0
478,LV,BG,"LT
DE",LVBG,,1.0,0.0,0.0,0.0,1.0,0.0,0.0,0.0,0.0
479,LV,CZ,"LT
DE",LVCZ,,1.0,0.0,0.0,0.0,1.0,0.0,0.0,0.0,0.0
480,LV,DE,LT,LVDE,,0.0,0.0,0.0,0.0,1.0,0.0,0.0,0.0,0.0
481,LV,DK,"LT
DE",LVDK,,1.0,0.0,0.0,0.0,1.0,0.0,0.0,0.0,0.0
482,LV,EE,,LVEE,,0.0,0.0,0.0,0.0,0.0,0.0,0.0,0.0,0.0
483,LV,ES,"LT
DE",LVES,,1.0,0.0,0.0,0.0,1.0,0.0,0.0,0.0,0.0
484,LV,FI,DIRECT,LVFI,,0.0,1.0,0.0,0.0,0.0,0.0,0.0,0.0,0.0
485,LV,FR,"LT
DE",LVFR,,1.0,0.0,0.0,0.0,1.0,0.0,0.0,0.0,0.0
486,LV,GB,"LT
DE",LVGB,,1.0,0.0,0.0,0.0,1.0,0.0,0.0,0.0,0.0
487,LV,GR,"LT
DE",LVGR,,1.0,0.0,0.0,0.0,1.0,0.0,0.0,0.0,0.0
488,LV,HR,"LT
DE",LVHR,,1.0,0.0,0.0,0.0,1.0,0.0,0.0,0.0,0.0
489,LV,HU,"LT
DE",LVHU,,1.0,0.0,0.0,0.0,1.0,0.0,0.0,0.0,0.0
490,LV,IE,"LT
DE",LVIE,,1.0,0.0,0.0,0.0,1.0,0.0,0.0,0.0,0.0
491,LV,LT,,LVLT,,0.0,0.0,0.0,0.0,0.0,0.0,0.0,0.0,0.0
492,LV,LU,"LT
DE",LVLU,,1.0,0.0,0.0,0.0,1.0,0.0,0.0,0.0,0.0
493,LV,LV,,LVLV,,0.0,0.0,0.0,0.0,0.0,0.0,0.0,0.0,0.0
494,LV,NL,"LT
DE",LVNL,,1.0,0.0,0.0,0.0,1.0,0.0,0.0,0.0,0.0
495,LV,NO,,LVNO,,0.0,0.0,0.0,0.0,0.0,0.0,0.0,0.0,0.0
496,LV,PL,"LT
DE",LVPL,,1.0,0.0,0.0,0.0,1.0,0.0,0.0,0.0,0.0
497,LV,PT,"LT
DE",LVPT,,1.0,0.0,0.0,0.0,1.0,0.0,0.0,0.0,0.0
498,LV,RO,"LT
DE",LVRO,,1.0,0.0,0.0,0.0,1.0,0.0,0.0,0.0,0.0
499,LV,SE,FI,LVSE,,0.0,0.0,0.0,0.0,0.0,1.0,0.0,0.0,0.0
500,LV,SI,"LT
DE",LVSI,,1.0,0.0,0.0,0.0,1.0,0.0,0.0,0.0,0.0
501,LV,SK,"LT
DE",LVSK,,1.0,0.0,0.0,0.0,1.0,0.0,0.0,0.0,0.0
502,LV,CY,"LT
DE",LVCY,,1.0,0.0,0.0,0.0,1.0,0.0,0.0,0.0,0.0
503,LV,IT,"LT
DE",LVIT,,1.0,0.0,0.0,0.0,1.0,0.0,0.0,0.0,0.0
504,NL,AT,DE,NLAT,,1.0,0.0,0.0,0.0,0.0,0.0,0.0,0.0,0.0
505,NL,BE,,NLBE,,0.0,0.0,0.0,0.0,0.0,0.0,0.0,0.0,0.0
506,NL,BG,DE,NLBG,,1.0,0.0,0.0,0.0,0.0,0.0,0.0,0.0,0.0
507,NL,CZ,DIRECT,NLCZ,,0.0,1.0,0.0,0.0,0.0,0.0,0.0,0.0,0.0
508,NL,DE,DIRECT,NLDE,,0.0,1.0,0.0,0.0,0.0,0.0,0.0,0.0,0.0
509,NL,DK,DE,NLDK,,1.0,0.0,0.0,0.0,0.0,0.0,0.0,0.0,0.0
510,NL,EE,"PL
LT",NLEE,,0.0,0.0,0.0,1.0,1.0,0.0,0.0,0.0,0.0
511,NL,ES,DIRECT,NLES,,0.0,1.0,0.0,0.0,0.0,0.0,0.0,0.0,0.0
512,NL,FI,DE,NLFI,,1.0,0.0,0.0,0.0,0.0,0.0,0.0,0.0,0.0
513,NL,FR,DIRECT,NLFR,,0.0,1.0,0.0,0.0,0.0,0.0,0.0,0.0,0.0
514,NL,GB,DIRECT,NLGB,,0.0,1.0,0.0,0.0,0.0,0.0,0.0,0.0,0.0
515,NL,GR,DE,NLGR,,1.0,0.0,0.0,0.0,0.0,0.0,0.0,0.0,0.0
516,NL,HR,DE,NLHR,,1.0,0.0,0.0,0.0,0.0,0.0,0.0,0.0,0.0
517,NL,HU,DE,NLHU,,1.0,0.0,0.0,0.0,0.0,0.0,0.0,0.0,0.0
518,NL,IE,DIRECT,NLIE,,0.0,1.0,0.0,0.0,0.0,0.0,0.0,0.0,0.0
519,NL,LT,PL,NLLT,,0.0,0.0,0.0,1.0,0.0,0.0,0.0,0.0,0.0
520,NL,LU,,NLLU,,0.0,0.0,0.0,0.0,0.0,0.0,0.0,0.0,0.0
521,NL,LV,"PL
LT",NLLV,,0.0,0.0,0.0,1.0,1.0,0.0,0.0,0.0,0.0
522,NL,NL,,NLNL,,0.0,0.0,0.0,0.0,0.0,0.0,0.0,0.0,0.0
523,NL,NO,,NLNO,,0.0,0.0,0.0,0.0,0.0,0.0,0.0,0.0,0.0
524,NL,PL,DIRECT,NLPL,,0.0,1.0,0.0,0.0,0.0,0.0,0.0,0.0,0.0
525,NL,PT,ES,NLPT,,0.0,0.0,0.0,0.0,0.0,0.0,0.0,1.0,0.0
526,NL,RO,DE,NLRO,,1.0,0.0,0.0,0.0,0.0,0.0,0.0,0.0,0.0
527,NL,SE,DIRECT,NLSE,,0.0,1.0,0.0,0.0,0.0,0.0,0.0,0.0,0.0
528,NL,SI,DE,NLSI,,1.0,0.0,0.0,0.0,0.0,0.0,0.0,0.0,0.0
529,NL,SK,DE,NLSK,,1.0,0.0,0.0,0.0,0.0,0.0,0.0,0.0,0.0
530,NL,CY,DE,NLCY,,1.0,0.0,0.0,0.0,0.0,0.0,0.0,0.0,0.0
531,NL,IT,DIRECT,NLIT,,0.0,1.0,0.0,0.0,0.0,0.0,0.0,0.0,0.0
532,NO,AT,,NOAT,,0.0,0.0,0.0,0.0,0.0,0.0,0.0,0.0,0.0
533,NO,BE,,NOBE,,0.0,0.0,0.0,0.0,0.0,0.0,0.0,0.0,0.0
534,NO,BG,,NOBG,,0.0,0.0,0.0,0.0,0.0,0.0,0.0,0.0,0.0
535,NO,CZ,,NOCZ,,0.0,0.0,0.0,0.0,0.0,0.0,0.0,0.0,0.0
536,NO,DE,,NODE,,0.0,0.0,0.0,0.0,0.0,0.0,0.0,0.0,0.0
537,NO,DK,,NODK,,0.0,0.0,0.0,0.0,0.0,0.0,0.0,0.0,0.0
538,NO,EE,,NOEE,,0.0,0.0,0.0,0.0,0.0,0.0,0.0,0.0,0.0
539,NO,ES,,NOES,,0.0,0.0,0.0,0.0,0.0,0.0,0.0,0.0,0.0
540,NO,FI,,NOFI,,0.0,0.0,0.0,0.0,0.0,0.0,0.0,0.0,0.0
541,NO,FR,,NOFR,,0.0,0.0,0.0,0.0,0.0,0.0,0.0,0.0,0.0
542,NO,GB,,NOGB,,0.0,0.0,0.0,0.0,0.0,0.0,0.0,0.0,0.0
543,NO,GR,,NOGR,,0.0,0.0,0.0,0.0,0.0,0.0,0.0,0.0,0.0
544,NO,HR,,NOHR,,0.0,0.0,0.0,0.0,0.0,0.0,0.0,0.0,0.0
545,NO,HU,,NOHU,,0.0,0.0,0.0,0.0,0.0,0.0,0.0,0.0,0.0
546,NO,IE,,NOIE,,0.0,0.0,0.0,0.0,0.0,0.0,0.0,0.0,0.0
547,NO,LT,,NOLT,,0.0,0.0,0.0,0.0,0.0,0.0,0.0,0.0,0.0
548,NO,LU,,NOLU,,0.0,0.0,0.0,0.0,0.0,0.0,0.0,0.0,0.0
549,NO,LV,,NOLV,,0.0,0.0,0.0,0.0,0.0,0.0,0.0,0.0,0.0
550,NO,NL,,NONL,,0.0,0.0,0.0,0.0,0.0,0.0,0.0,0.0,0.0
551,NO,NO,,NONO,,0.0,0.0,0.0,0.0,0.0,0.0,0.0,0.0,0.0
552,NO,PL,,NOPL,,0.0,0.0,0.0,0.0,0.0,0.0,0.0,0.0,0.0
553,NO,PT,,NOPT,,0.0,0.0,0.0,0.0,0.0,0.0,0.0,0.0,0.0
554,NO,RO,,NORO,,0.0,0.0,0.0,0.0,0.0,0.0,0.0,0.0,0.0
555,NO,SE,,NOSE,,0.0,0.0,0.0,0.0,0.0,0.0,0.0,0.0,0.0
556,NO,SI,,NOSI,,0.0,0.0,0.0,0.0,0.0,0.0,0.0,0.0,0.0
557,NO,SK,,NOSK,,0.0,0.0,0.0,0.0,0.0,0.0,0.0,0.0,0.0
558,NO,CY,,NOCY,,0.0,0.0,0.0,0.0,0.0,0.0,0.0,0.0,0.0
559,NO,IT,,NOIT,,0.0,0.0,0.0,0.0,0.0,0.0,0.0,0.0,0.0
560,PL,AT,DIRECT,PLAT,,0.0,1.0,0.0,0.0,0.0,0.0,0.0,0.0,0.0
561,PL,BE,DE,PLBE,,1.0,0.0,0.0,0.0,0.0,0.0,0.0,0.0,0.0
562,PL,BG,DE,PLBG,,1.0,0.0,0.0,0.0,0.0,0.0,0.0,0.0,0.0
563,PL,CZ,DIRECT,PLCZ,,0.0,1.0,0.0,0.0,0.0,0.0,0.0,0.0,0.0
564,PL,DE,DIRECT,PLDE,,0.0,1.0,0.0,0.0,0.0,0.0,0.0,0.0,0.0
565,PL,DK,DE,PLDK,,1.0,0.0,0.0,0.0,0.0,0.0,0.0,0.0,0.0
566,PL,EE,LT,PLEE,,0.0,0.0,0.0,0.0,1.0,0.0,0.0,0.0,0.0
567,PL,ES,DE,PLES,,1.0,0.0,0.0,0.0,0.0,0.0,0.0,0.0,0.0
568,PL,FI,LT,PLFI,,0.0,0.0,0.0,0.0,1.0,0.0,0.0,0.0,0.0
569,PL,FR,DE,PLFR,,1.0,0.0,0.0,0.0,0.0,0.0,0.0,0.0,0.0
570,PL,GB,DE,PLGB,,1.0,0.0,0.0,0.0,0.0,0.0,0.0,0.0,0.0
571,PL,GR,DE,PLGR,,1.0,0.0,0.0,0.0,0.0,0.0,0.0,0.0,0.0
572,PL,HR,DE,PLHR,,1.0,0.0,0.0,0.0,0.0,0.0,0.0,0.0,0.0
573,PL,HU,DE,PLHU,,1.0,0.0,0.0,0.0,0.0,0.0,0.0,0.0,0.0
574,PL,IE,DE,PLIE,,1.0,0.0,0.0,0.0,0.0,0.0,0.0,0.0,0.0
575,PL,LT,DIRECT,PLLT,,0.0,1.0,0.0,0.0,0.0,0.0,0.0,0.0,0.0
576,PL,LU,DE,PLLU,,1.0,0.0,0.0,0.0,0.0,0.0,0.0,0.0,0.0
577,PL,LV,LT,PLLV,,0.0,0.0,0.0,0.0,1.0,0.0,0.0,0.0,0.0
578,PL,NL,DE,PLNL,,1.0,0.0,0.0,0.0,0.0,0.0,0.0,0.0,0.0
579,PL,NO,,PLNO,,0.0,0.0,0.0,0.0,0.0,0.0,0.0,0.0,0.0
580,PL,PL,,PLPL,,0.0,0.0,0.0,0.0,0.0,0.0,0.0,0.0,0.0
581,PL,PT,DE,PLPT,,1.0,0.0,0.0,0.0,0.0,0.0,0.0,0.0,0.0
582,PL,RO,DE,PLRO,,1.0,0.0,0.0,0.0,0.0,0.0,0.0,0.0,0.0
583,PL,SE,DE,PLSE,,1.0,0.0,0.0,0.0,0.0,0.0,0.0,0.0,0.0
584,PL,SI,DE,PLSI,,1.0,0.0,0.0,0.0,0.0,0.0,0.0,0.0,0.0
585,PL,SK,CZ,PLSK,,0.0,0.0,0.0,0.0,0.0,0.0,0.0,0.0,1.0
586,PL,CY,DE,PLCY,,1.0,0.0,0.0,0.0,0.0,0.0,0.0,0.0,0.0
587,PL,IT,DE,PLIT,,1.0,0.0,0.0,0.0,0.0,0.0,0.0,0.0,0.0
588,PT,AT,ES,PTAT,,0.0,0.0,0.0,0.0,0.0,0.0,0.0,1.0,0.0
589,PT,BE,ES,PTBE,,0.0,0.0,0.0,0.0,0.0,0.0,0.0,1.0,0.0
590,PT,BG,ES,PTBG,,0.0,0.0,0.0,0.0,0.0,0.0,0.0,1.0,0.0
591,PT,CZ,ES,PTCZ,,0.0,0.0,0.0,0.0,0.0,0.0,0.0,1.0,0.0
592,PT,DE,ES,PTDE,,0.0,0.0,0.0,0.0,0.0,0.0,0.0,1.0,0.0
593,PT,DK,ES,PTDK,,0.0,0.0,0.0,0.0,0.0,0.0,0.0,1.0,0.0
594,PT,EE,ES,PTEE,,0.0,0.0,0.0,0.0,0.0,0.0,0.0,1.0,0.0
595,PT,ES,ES,PTES,,0.0,0.0,0.0,0.0,0.0,0.0,0.0,1.0,0.0
596,PT,FI,ES,PTFI,,0.0,0.0,0.0,0.0,0.0,0.0,0.0,1.0,0.0
597,PT,FR,ES,PTFR,,0.0,0.0,0.0,0.0,0.0,0.0,0.0,1.0,0.0
598,PT,GB,ES,PTGB,,0.0,0.0,0.0,0.0,0.0,0.0,0.0,1.0,0.0
599,PT,GR,ES,PTGR,,0.0,0.0,0.0,0.0,0.0,0.0,0.0,1.0,0.0
600,PT,HR,ES,PTHR,,0.0,0.0,0.0,0.0,0.0,0.0,0.0,1.0,0.0
601,PT,HU,ES,PTHU,,0.0,0.0,0.0,0.0,0.0,0.0,0.0,1.0,0.0
602,PT,IE,ES,PTIE,,0.0,0.0,0.0,0.0,0.0,0.0,0.0,1.0,0.0
603,PT,LT,ES,PTLT,,0.0,0.0,0.0,0.0,0.0,0.0,0.0,1.0,0.0
604,PT,LU,ES,PTLU,,0.0,0.0,0.0,0.0,0.0,0.0,0.0,1.0,0.0
605,PT,LV,ES,PTLV,,0.0,0.0,0.0,0.0,0.0,0.0,0.0,1.0,0.0
606,PT,NL,ES,PTNL,,0.0,0.0,0.0,0.0,0.0,0.0,0.0,1.0,0.0
607,PT,NO,ES,PTNO,,0.0,0.0,0.0,0.0,0.0,0.0,0.0,1.0,0.0
608,PT,PL,ES,PTPL,,0.0,0.0,0.0,0.0,0.0,0.0,0.0,1.0,0.0
609,PT,PT,ES,PTPT,,0.0,0.0,0.0,0.0,0.0,0.0,0.0,1.0,0.0
610,PT,RO,ES,PTRO,,0.0,0.0,0.0,0.0,0.0,0.0,0.0,1.0,0.0
611,PT,SE,ES,PTSE,,0.0,0.0,0.0,0.0,0.0,0.0,0.0,1.0,0.0
612,PT,SI,ES,PTSI,,0.0,0.0,0.0,0.0,0.0,0.0,0.0,1.0,0.0
613,PT,SK,ES,PTSK,,0.0,0.0,0.0,0.0,0.0,0.0,0.0,1.0,0.0
614,PT,CY,ES,PTCY,,0.0,0.0,0.0,0.0,0.0,0.0,0.0,1.0,0.0
615,PT,IT,ES,PTIT,,0.0,0.0,0.0,0.0,0.0,0.0,0.0,1.0,0.0
616,RO,AT,,ROAT,,0.0,0.0,0.0,0.0,0.0,0.0,0.0,0.0,0.0
617,RO,BE,,ROBE,,0.0,0.0,0.0,0.0,0.0,0.0,0.0,0.0,0.0
618,RO,BG,,ROBG,,0.0,0.0,0.0,0.0,0.0,0.0,0.0,0.0,0.0
619,RO,CZ,,ROCZ,,0.0,0.0,0.0,0.0,0.0,0.0,0.0,0.0,0.0
620,RO,DE,,RODE,,0.0,0.0,0.0,0.0,0.0,0.0,0.0,0.0,0.0
621,RO,DK,,RODK,,0.0,0.0,0.0,0.0,0.0,0.0,0.0,0.0,0.0
622,RO,EE,,ROEE,,0.0,0.0,0.0,0.0,0.0,0.0,0.0,0.0,0.0
623,RO,ES,,ROES,,0.0,0.0,0.0,0.0,0.0,0.0,0.0,0.0,0.0
624,RO,FI,,ROFI,,0.0,0.0,0.0,0.0,0.0,0.0,0.0,0.0,0.0
625,RO,FR,,ROFR,,0.0,0.0,0.0,0.0,0.0,0.0,0.0,0.0,0.0
626,RO,GB,,ROGB,,0.0,0.0,0.0,0.0,0.0,0.0,0.0,0.0,0.0
627,RO,GR,,ROGR,,0.0,0.0,0.0,0.0,0.0,0.0,0.0,0.0,0.0
628,RO,HR,,ROHR,,0.0,0.0,0.0,0.0,0.0,0.0,0.0,0.0,0.0
629,RO,HU,,ROHU,,0.0,0.0,0.0,0.0,0.0,0.0,0.0,0.0,0.0
630,RO,IE,,ROIE,,0.0,0.0,0.0,0.0,0.0,0.0,0.0,0.0,0.0
631,RO,LT,,ROLT,,0.0,0.0,0.0,0.0,0.0,0.0,0.0,0.0,0.0
632,RO,LU,,ROLU,,0.0,0.0,0.0,0.0,0.0,0.0,0.0,0.0,0.0
633,RO,LV,,ROLV,,0.0,0.0,0.0,0.0,0.0,0.0,0.0,0.0,0.0
634,RO,NL,,RONL,,0.0,0.0,0.0,0.0,0.0,0.0,0.0,0.0,0.0
635,RO,NO,,RONO,,0.0,0.0,0.0,0.0,0.0,0.0,0.0,0.0,0.0
636,RO,PL,,ROPL,,0.0,0.0,0.0,0.0,0.0,0.0,0.0,0.0,0.0
637,RO,PT,,ROPT,,0.0,0.0,0.0,0.0,0.0,0.0,0.0,0.0,0.0
638,RO,RO,,RORO,,0.0,0.0,0.0,0.0,0.0,0.0,0.0,0.0,0.0
639,RO,SE,,ROSE,,0.0,0.0,0.0,0.0,0.0,0.0,0.0,0.0,0.0
640,RO,SI,,ROSI,,0.0,0.0,0.0,0.0,0.0,0.0,0.0,0.0,0.0
641,RO,SK,,ROSK,,0.0,0.0,0.0,0.0,0.0,0.0,0.0,0.0,0.0
642,RO,CY,,ROCY,,0.0,0.0,0.0,0.0,0.0,0.0,0.0,0.0,0.0
643,RO,IT,,ROIT,,0.0,0.0,0.0,0.0,0.0,0.0,0.0,0.0,0.0
644,SE,AT,DE,SEAT,,1.0,0.0,0.0,0.0,0.0,0.0,0.0,0.0,0.0
645,SE,BE,NL,SEBE,,0.0,0.0,1.0,0.0,0.0,0.0,0.0,0.0,0.0
646,SE,BG,DE,SEBG,,1.0,0.0,0.0,0.0,0.0,0.0,0.0,0.0,0.0
647,SE,CZ,DE,SECZ,,1.0,0.0,0.0,0.0,0.0,0.0,0.0,0.0,0.0
648,SE,DE,DIRECT,SEDE,,0.0,1.0,0.0,0.0,0.0,0.0,0.0,0.0,0.0
649,SE,DK,DIRECT,SEDK,,0.0,1.0,0.0,0.0,0.0,0.0,0.0,0.0,0.0
650,SE,EE,FI,SEEE,,0.0,0.0,0.0,0.0,0.0,1.0,0.0,0.0,0.0
651,SE,ES,DE,SEES,,1.0,0.0,0.0,0.0,0.0,0.0,0.0,0.0,0.0
652,SE,FI,DIRECT,SEFI,,0.0,1.0,0.0,0.0,0.0,0.0,0.0,0.0,0.0
653,SE,FR,DE,SEFR,,1.0,0.0,0.0,0.0,0.0,0.0,0.0,0.0,0.0
654,SE,GB,DE,SEGB,,1.0,0.0,0.0,0.0,0.0,0.0,0.0,0.0,0.0
655,SE,GR,DE,SEGR,,1.0,0.0,0.0,0.0,0.0,0.0,0.0,0.0,0.0
656,SE,HR,DE,SEHR,,1.0,0.0,0.0,0.0,0.0,0.0,0.0,0.0,0.0
657,SE,HU,DE,SEHU,,1.0,0.0,0.0,0.0,0.0,0.0,0.0,0.0,0.0
658,SE,IE,DE,SEIE,,1.0,0.0,0.0,0.0,0.0,0.0,0.0,0.0,0.0
659,SE,LT,FI,SELT,,0.0,0.0,0.0,0.0,0.0,1.0,0.0,0.0,0.0
660,SE,LU,DE,SELU,,1.0,0.0,0.0,0.0,0.0,0.0,0.0,0.0,0.0
661,SE,LV,FI,SELV,,0.0,0.0,0.0,0.0,0.0,1.0,0.0,0.0,0.0
662,SE,NL,DIRECT,SENL,,0.0,1.0,0.0,0.0,0.0,0.0,0.0,0.0,0.0
663,SE,NO,DIRECT,SENO,,0.0,1.0,0.0,0.0,0.0,0.0,0.0,0.0,0.0
664,SE,PL,DE,SEPL,,1.0,0.0,0.0,0.0,0.0,0.0,0.0,0.0,0.0
665,SE,PT,DE,SEPT,,1.0,0.0,0.0,0.0,0.0,0.0,0.0,0.0,0.0
666,SE,RO,DE,SERO,,1.0,0.0,0.0,0.0,0.0,0.0,0.0,0.0,0.0
667,SE,SE,,SESE,,0.0,0.0,0.0,0.0,0.0,0.0,0.0,0.0,0.0
668,SE,SI,DE,SESI,,1.0,0.0,0.0,0.0,0.0,0.0,0.0,0.0,0.0
669,SE,SK,DE,SESK,,1.0,0.0,0.0,0.0,0.0,0.0,0.0,0.0,0.0
670,SE,CY,DE,SECY,,1.0,0.0,0.0,0.0,0.0,0.0,0.0,0.0,0.0
671,SE,IT,DE,SEIT,,1.0,0.0,0.0,0.0,0.0,0.0,0.0,0.0,0.0
672,SI,AT,DIRECT,SIAT,,0.0,1.0,0.0,0.0,0.0,0.0,0.0,0.0,0.0
673,SI,BE,DE,SIBE,,1.0,0.0,0.0,0.0,0.0,0.0,0.0,0.0,0.0
674,SI,BG,DE,SIBG,,1.0,0.0,0.0,0.0,0.0,0.0,0.0,0.0,0.0
675,SI,CZ,DIRECT,SICZ,,0.0,1.0,0.0,0.0,0.0,0.0,0.0,0.0,0.0
676,SI,DE,DIRECT,SIDE,,0.0,1.0,0.0,0.0,0.0,0.0,0.0,0.0,0.0
677,SI,DK,DE,SIDK,,1.0,0.0,0.0,0.0,0.0,0.0,0.0,0.0,0.0
678,SI,EE,"DE
LT",SIEE,,1.0,0.0,0.0,0.0,1.0,0.0,0.0,0.0,0.0
679,SI,ES,DE,SIES,,1.0,0.0,0.0,0.0,0.0,0.0,0.0,0.0,0.0
680,SI,FI,DE,SIFI,,1.0,0.0,0.0,0.0,0.0,0.0,0.0,0.0,0.0
681,SI,FR,DE,SIFR,,1.0,0.0,0.0,0.0,0.0,0.0,0.0,0.0,0.0
682,SI,GB,DE,SIGB,,1.0,0.0,0.0,0.0,0.0,0.0,0.0,0.0,0.0
683,SI,GR,DE,SIGR,,1.0,0.0,0.0,0.0,0.0,0.0,0.0,0.0,0.0
684,SI,HR,DE,SIHR,,1.0,0.0,0.0,0.0,0.0,0.0,0.0,0.0,0.0
685,SI,HU,DIRECT,SIHU,,0.0,1.0,0.0,0.0,0.0,0.0,0.0,0.0,0.0
686,SI,IE,DE,SIIE,,1.0,0.0,0.0,0.0,0.0,0.0,0.0,0.0,0.0
687,SI,LT,DE,SILT,,1.0,0.0,0.0,0.0,0.0,0.0,0.0,0.0,0.0
688,SI,LU,DE,SILU,,1.0,0.0,0.0,0.0,0.0,0.0,0.0,0.0,0.0
689,SI,LV,"DE
LT",SILV,,1.0,0.0,0.0,0.0,1.0,0.0,0.0,0.0,0.0
690,SI,NL,DE,SINL,,1.0,0.0,0.0,0.0,0.0,0.0,0.0,0.0,0.0
691,SI,NO,,SINO,,0.0,0.0,0.0,0.0,0.0,0.0,0.0,0.0,0.0
692,SI,PL,DE,SIPL,,1.0,0.0,0.0,0.0,0.0,0.0,0.0,0.0,0.0
693,SI,PT,DE,SIPT,,1.0,0.0,0.0,0.0,0.0,0.0,0.0,0.0,0.0
694,SI,RO,DE,SIRO,,1.0,0.0,0.0,0.0,0.0,0.0,0.0,0.0,0.0
695,SI,SE,DE,SISE,,1.0,0.0,0.0,0.0,0.0,0.0,0.0,0.0,0.0
696,SI,SI,,SISI,,0.0,0.0,0.0,0.0,0.0,0.0,0.0,0.0,0.0
697,SI,SK,DIRECT,SISK,,0.0,1.0,0.0,0.0,0.0,0.0,0.0,0.0,0.0
698,SI,CY,DE,SICY,,1.0,0.0,0.0,0.0,0.0,0.0,0.0,0.0,0.0
699,SI,IT,DE,SIIT,,1.0,0.0,0.0,0.0,0.0,0.0,0.0,0.0,0.0
700,SK,AT,,SKAT,,0.0,0.0,0.0,0.0,0.0,0.0,0.0,0.0,0.0
701,SK,BE,,SKBE,,0.0,0.0,0.0,0.0,0.0,0.0,0.0,0.0,0.0
702,SK,BG,,SKBG,,0.0,0.0,0.0,0.0,0.0,0.0,0.0,0.0,0.0
703,SK,CZ,DIRECT,SKCZ,,0.0,1.0,0.0,0.0,0.0,0.0,0.0,0.0,0.0
704,SK,DE,,SKDE,,0.0,0.0,0.0,0.0,0.0,0.0,0.0,0.0,0.0
705,SK,DK,,SKDK,,0.0,0.0,0.0,0.0,0.0,0.0,0.0,0.0,0.0
706,SK,EE,,SKEE,,0.0,0.0,0.0,0.0,0.0,0.0,0.0,0.0,0.0
707,SK,ES,,SKES,,0.0,0.0,0.0,0.0,0.0,0.0,0.0,0.0,0.0
708,SK,FI,,SKFI,,0.0,0.0,0.0,0.0,0.0,0.0,0.0,0.0,0.0
709,SK,FR,,SKFR,,0.0,0.0,0.0,0.0,0.0,0.0,0.0,0.0,0.0
710,SK,GB,,SKGB,,0.0,0.0,0.0,0.0,0.0,0.0,0.0,0.0,0.0
711,SK,GR,,SKGR,,0.0,0.0,0.0,0.0,0.0,0.0,0.0,0.0,0.0
712,SK,HR,,SKHR,,0.0,0.0,0.0,0.0,0.0,0.0,0.0,0.0,0.0
713,SK,HU,,SKHU,,0.0,0.0,0.0,0.0,0.0,0.0,0.0,0.0,0.0
714,SK,IE,,SKIE,,0.0,0.0,0.0,0.0,0.0,0.0,0.0,0.0,0.0
715,SK,LT,,SKLT,,0.0,0.0,0.0,0.0,0.0,0.0,0.0,0.0,0.0
716,SK,LU,,SKLU,,0.0,0.0,0.0,0.0,0.0,0.0,0.0,0.0,0.0
717,SK,LV,,SKLV,,0.0,0.0,0.0,0.0,0.0,0.0,0.0,0.0,0.0
718,SK,NL,,SKNL,,0.0,0.0,0.0,0.0,0.0,0.0,0.0,0.0,0.0
719,SK,NO,,SKNO,,0.0,0.0,0.0,0.0,0.0,0.0,0.0,0.0,0.0
720,SK,PL,,SKPL,,0.0,0.0,0.0,0.0,0.0,0.0,0.0,0.0,0.0
721,SK,PT,,SKPT,,0.0,0.0,0.0,0.0,0.0,0.0,0.0,0.0,0.0
722,SK,RO,,SKRO,,0.0,0.0,0.0,0.0,0.0,0.0,0.0,0.0,0.0
723,SK,SE,,SKSE,,0.0,0.0,0.0,0.0,0.0,0.0,0.0,0.0,0.0
724,SK,SI,,SKSI,,0.0,0.0,0.0,0.0,0.0,0.0,0.0,0.0,0.0
725,SK,SK,,SKSK,,0.0,0.0,0.0,0.0,0.0,0.0,0.0,0.0,0.0
726,SK,CY,,SKCY,,0.0,0.0,0.0,0.0,0.0,0.0,0.0,0.0,0.0
727,SK,IT,,SKIT,,0.0,0.0,0.0,0.0,0.0,0.0,0.0,0.0,0.0
728,CY,AT,,CYAT,,0.0,0.0,0.0,0.0,0.0,0.0,0.0,0.0,0.0
729,CY,BE,,CYBE,,0.0,0.0,0.0,0.0,0.0,0.0,0.0,0.0,0.0
730,CY,BG,,CYBG,,0.0,0.0,0.0,0.0,0.0,0.0,0.0,0.0,0.0
731,CY,CZ,,CYCZ,,0.0,0.0,0.0,0.0,0.0,0.0,0.0,0.0,0.0
732,CY,DE,,CYDE,,0.0,0.0,0.0,0.0,0.0,0.0,0.0,0.0,0.0
733,CY,DK,,CYDK,,0.0,0.0,0.0,0.0,0.0,0.0,0.0,0.0,0.0
734,CY,EE,,CYEE,,0.0,0.0,0.0,0.0,0.0,0.0,0.0,0.0,0.0
735,CY,ES,,CYES,,0.0,0.0,0.0,0.0,0.0,0.0,0.0,0.0,0.0
736,CY,FI,,CYFI,,0.0,0.0,0.0,0.0,0.0,0.0,0.0,0.0,0.0
737,CY,FR,,CYFR,,0.0,0.0,0.0,0.0,0.0,0.0,0.0,0.0,0.0
738,CY,GB,,CYGB,,0.0,0.0,0.0,0.0,0.0,0.0,0.0,0.0,0.0
739,CY,GR,,CYGR,,0.0,0.0,0.0,0.0,0.0,0.0,0.0,0.0,0.0
740,CY,HR,,CYHR,,0.0,0.0,0.0,0.0,0.0,0.0,0.0,0.0,0.0
741,CY,HU,,CYHU,,0.0,0.0,0.0,0.0,0.0,0.0,0.0,0.0,0.0
742,CY,IE,,CYIE,,0.0,0.0,0.0,0.0,0.0,0.0,0.0,0.0,0.0
743,CY,LT,,CYLT,,0.0,0.0,0.0,0.0,0.0,0.0,0.0,0.0,0.0
744,CY,LU,,CYLU,,0.0,0.0,0.0,0.0,0.0,0.0,0.0,0.0,0.0
745,CY,LV,,CYLV,,0.0,0.0,0.0,0.0,0.0,0.0,0.0,0.0,0.0
746,CY,NL,,CYNL,,0.0,0.0,0.0,0.0,0.0,0.0,0.0,0.0,0.0
747,CY,NO,,CYNO,,0.0,0.0,0.0,0.0,0.0,0.0,0.0,0.0,0.0
748,CY,PL,,CYPL,,0.0,0.0,0.0,0.0,0.0,0.0,0.0,0.0,0.0
749,CY,PT,,CYPT,,0.0,0.0,0.0,0.0,0.0,0.0,0.0,0.0,0.0
750,CY,RO,,CYRO,,0.0,0.0,0.0,0.0,0.0,0.0,0.0,0.0,0.0
751,CY,SE,,CYSE,,0.0,0.0,0.0,0.0,0.0,0.0,0.0,0.0,0.0
752,CY,SI,,CYSI,,0.0,0.0,0.0,0.0,0.0,0.0,0.0,0.0,0.0
753,CY,SK,,CYSK,,0.0,0.0,0.0,0.0,0.0,0.0,0.0,0.0,0.0
754,CY,CY,,CYCY,,0.0,0.0,0.0,0.0,0.0,0.0,0.0,0.0,0.0
755,CY,IT,,CYIT,,0.0,0.0,0.0,0.0,0.0,0.0,0.0,0.0,0.0
756,IT,AT,,ITAT,,0.0,0.0,0.0,0.0,0.0,0.0,0.0,0.0,0.0
757,IT,BE,,ITBE,,0.0,0.0,0.0,0.0,0.0,0.0,0.0,0.0,0.0
758,IT,BG,,ITBG,,0.0,0.0,0.0,0.0,0.0,0.0,0.0,0.0,0.0
759,IT,CZ,,ITCZ,,0.0,0.0,0.0,0.0,0.0,0.0,0.0,0.0,0.0
760,IT,DE,,ITDE,,0.0,0.0,0.0,0.0,0.0,0.0,0.0,0.0,0.0
761,IT,DK,,ITDK,,0.0,0.0,0.0,0.0,0.0,0.0,0.0,0.0,0.0
762,IT,EE,,ITEE,,0.0,0.0,0.0,0.0,0.0,0.0,0.0,0.0,0.0
763,IT,ES,,ITES,,0.0,0.0,0.0,0.0,0.0,0.0,0.0,0.0,0.0
764,IT,FI,,ITFI,,0.0,0.0,0.0,0.0,0.0,0.0,0.0,0.0,0.0
765,IT,FR,,ITFR,,0.0,0.0,0.0,0.0,0.0,0.0,0.0,0.0,0.0
766,IT,GB,,ITGB,,0.0,0.0,0.0,0.0,0.0,0.0,0.0,0.0,0.0
767,IT,GR,,ITGR,,0.0,0.0,0.0,0.0,0.0,0.0,0.0,0.0,0.0
768,IT,HR,,ITHR,,0.0,0.0,0.0,0.0,0.0,0.0,0.0,0.0,0.0
769,IT,HU,,ITHU,,0.0,0.0,0.0,0.0,0.0,0.0,0.0,0.0,0.0
770,IT,IE,,ITIE,,0.0,0.0,0.0,0.0,0.0,0.0,0.0,0.0,0.0
771,IT,LT,,ITLT,,0.0,0.0,0.0,0.0,0.0,0.0,0.0,0.0,0.0
772,IT,LU,,ITLU,,0.0,0.0,0.0,0.0,0.0,0.0,0.0,0.0,0.0
773,IT,LV,,ITLV,,0.0,0.0,0.0,0.0,0.0,0.0,0.0,0.0,0.0
774,IT,NL,,ITNL,,0.0,0.0,0.0,0.0,0.0,0.0,0.0,0.0,0.0
775,IT,NO,,ITNO,,0.0,0.0,0.0,0.0,0.0,0.0,0.0,0.0,0.0
776,IT,PL,,ITPL,,0.0,0.0,0.0,0.0,0.0,0.0,0.0,0.0,0.0
777,IT,PT,,ITPT,,0.0,0.0,0.0,0.0,0.0,0.0,0.0,0.0,0.0
778,IT,RO,,ITRO,,0.0,0.0,0.0,0.0,0.0,0.0,0.0,0.0,0.0
779,IT,SE,,ITSE,,0.0,0.0,0.0,0.0,0.0,0.0,0.0,0.0,0.0
780,IT,SI,,ITSI,,0.0,0.0,0.0,0.0,0.0,0.0,0.0,0.0,0.0
781,IT,SK,,ITSK,,0.0,0.0,0.0,0.0,0.0,0.0,0.0,0.0,0.0
782,IT,CY,,ITCY,,0.0,0.0,0.0,0.0,0.0,0.0,0.0,0.0,0.0
783,IT,IT,,ITIT,,0.0,0.0,0.0,0.0,0.0,0.0,0.0,0.0,0.0
