,0,1,2,3
0,AT,BE,CZ,-0.0
1,AT,BG,CZ,-0.0
2,AT,DE,CZ,0.0
3,AT,ES,CZ,-0.0
4,AT,FL,CZ,-0.0
5,AT,GB,CZ,-0.0
6,AT,HU,CZ,-0.0
7,AT,LT,CZ,-0.0
8,AT,NL,CZ,-0.0
9,AT,PL,CZ,-0.0
10,AT,PT,CZ,-0.0
11,AT,SE,CZ,-0.0
12,AT,SI,CZ,-0.0
13,AT,SK,CZ,-0.0
14,AT,DK,CZ,-0.0
15,AT,FR,CZ,-0.0
16,AT,GR,CZ,-0.0
17,AT,HR,CZ,-0.0
18,AT,IE,CZ,-0.0
19,AT,LU,CZ,-0.0
20,AT,NO,CZ,-0.0
21,AT,RO,CZ,-0.0
22,AT,BE,DE,-0.0
23,AT,BG,DE,-0.0
24,AT,CZ,DE,0.0
25,AT,ES,DE,-0.0
26,AT,FL,DE,-0.0
27,AT,GB,DE,-0.0
28,AT,HU,DE,-0.0
29,AT,LT,DE,-0.0
30,AT,NL,DE,-0.0
31,AT,PL,DE,-0.0
32,AT,PT,DE,-0.0
33,AT,SE,DE,-0.0
34,AT,SI,DE,-0.0
35,AT,SK,DE,-0.0
36,AT,DK,DE,-0.0
37,AT,FR,DE,-0.0
38,AT,GR,DE,-0.0
39,AT,HR,DE,-0.0
40,AT,IE,DE,-0.0
41,AT,LU,DE,-0.0
42,AT,NO,DE,-0.0
43,AT,RO,DE,-0.0
44,AT,BE,NL,-0.0
45,AT,BG,NL,-0.0
46,AT,CZ,NL,0.0
47,AT,DE,NL,1.0
48,AT,ES,NL,-0.0
49,AT,FL,NL,-0.0
50,AT,GB,NL,-0.0
51,AT,HU,NL,0.0
52,AT,LT,NL,-0.0
53,AT,PL,NL,0.0
54,AT,PT,NL,-0.0
55,AT,SE,NL,-0.0
56,AT,SI,NL,0.0
57,AT,SK,NL,-0.0
58,AT,DK,NL,-0.0
59,AT,FR,NL,-0.0
60,AT,GR,NL,-0.0
61,AT,HR,NL,-0.0
62,AT,IE,NL,-0.0
63,AT,LU,NL,-0.0
64,AT,NO,NL,-0.0
65,AT,RO,NL,-0.0
66,AT,BE,PL,-0.0
67,AT,BG,PL,-0.0
68,AT,CZ,PL,0.0
69,AT,DE,PL,0.0
70,AT,ES,PL,-0.0
71,AT,FL,PL,-0.0
72,AT,GB,PL,-0.0
73,AT,HU,PL,-0.0
74,AT,LT,PL,-0.0
75,AT,NL,PL,-0.0
76,AT,PT,PL,-0.0
77,AT,SE,PL,-0.0
78,AT,SI,PL,-0.0
79,AT,SK,PL,-0.0
80,AT,DK,PL,-0.0
81,AT,FR,PL,-0.0
82,AT,GR,PL,-0.0
83,AT,HR,PL,-0.0
84,AT,IE,PL,-0.0
85,AT,LU,PL,-0.0
86,AT,NO,PL,-0.0
87,AT,RO,PL,-0.0
88,BE,BG,AT,-0.0
89,BE,CZ,AT,0.0
90,BE,DE,AT,0.0
91,BE,ES,AT,-0.0
92,BE,FL,AT,-0.0
93,BE,GB,AT,-0.0
94,BE,HU,AT,-0.0
95,BE,LT,AT,-0.0
96,BE,NL,AT,-0.0
97,BE,PL,AT,-0.0
98,BE,PT,AT,-0.0
99,BE,SE,AT,-0.0
100,BE,SI,AT,-0.0
101,BE,SK,AT,-0.0
102,BE,DK,AT,-0.0
103,BE,FR,AT,-0.0
104,BE,GR,AT,-0.0
105,BE,HR,AT,-0.0
106,BE,IE,AT,-0.0
107,BE,LU,AT,-0.0
108,BE,NO,AT,-0.0
109,BE,RO,AT,-0.0
110,BE,AT,BG,1.0
111,BE,CZ,BG,-0.0
112,BE,DE,BG,0.0
113,BE,ES,BG,0.0
114,BE,FL,BG,-0.0
115,BE,GB,BG,-0.0
116,BE,HU,BG,-0.0
117,BE,LT,BG,0.0
118,BE,NL,BG,-0.0
119,BE,PL,BG,-0.0
120,BE,PT,BG,0.0
121,BE,SE,BG,-0.0
122,BE,SI,BG,0.0
123,BE,SK,BG,-0.0
124,BE,DK,BG,0.0
125,BE,FR,BG,0.0
126,BE,GR,BG,0.0
127,BE,HR,BG,0.0
128,BE,IE,BG,-0.0
129,BE,LU,BG,0.0
130,BE,NO,BG,0.0
131,BE,RO,BG,0.0
132,BE,AT,CZ,0.0
133,BE,BG,CZ,-0.0
134,BE,DE,CZ,1.0
135,BE,ES,CZ,-0.0
136,BE,FL,CZ,-0.0
137,BE,GB,CZ,0.0
138,BE,HU,CZ,0.0
139,BE,LT,CZ,-0.0
140,BE,NL,CZ,0.0
141,BE,PL,CZ,0.0
142,BE,PT,CZ,-0.0
143,BE,SE,CZ,0.0
144,BE,SI,CZ,0.0
145,BE,SK,CZ,0.0
146,BE,DK,CZ,0.0
147,BE,FR,CZ,-0.0
148,BE,GR,CZ,-0.0
149,BE,HR,CZ,-0.0
150,BE,IE,CZ,-0.0
151,BE,LU,CZ,-0.0
152,BE,NO,CZ,-0.0
153,BE,RO,CZ,-0.0
154,BE,AT,DE,0.0
155,BE,BG,DE,-0.0
156,BE,CZ,DE,-0.0
157,BE,ES,DE,-0.0
158,BE,FL,DE,-0.0
159,BE,GB,DE,-0.0
160,BE,HU,DE,-0.0
161,BE,LT,DE,-0.0
162,BE,NL,DE,-0.0
163,BE,PL,DE,-0.0
164,BE,PT,DE,-0.0
165,BE,SE,DE,-0.0
166,BE,SI,DE,-0.0
167,BE,SK,DE,-0.0
168,BE,DK,DE,-0.0
169,BE,FR,DE,-0.0
170,BE,GR,DE,-0.0
171,BE,HR,DE,-0.0
172,BE,IE,DE,-0.0
173,BE,LU,DE,-0.0
174,BE,NO,DE,-0.0
175,BE,RO,DE,-0.0
176,BE,AT,DK,-0.0
177,BE,BG,DK,0.0
178,BE,CZ,DK,-0.0
179,BE,DE,DK,-0.0
180,BE,ES,DK,-0.0
181,BE,FL,DK,-0.0
182,BE,GB,DK,-0.0
183,BE,HU,DK,-0.0
184,BE,LT,DK,0.0
185,BE,NL,DK,-0.0
186,BE,PL,DK,-0.0
187,BE,PT,DK,0.0
188,BE,SE,DK,-0.0
189,BE,SI,DK,0.0
190,BE,SK,DK,-0.0
191,BE,FR,DK,0.0
192,BE,GR,DK,0.0
193,BE,HR,DK,0.0
194,BE,IE,DK,-0.0
195,BE,LU,DK,0.0
196,BE,NO,DK,0.0
197,BE,RO,DK,0.0
198,BE,AT,ES,0.0
199,BE,BG,ES,-0.0
200,BE,CZ,ES,-0.0
201,BE,DE,ES,-0.0
202,BE,FL,ES,-0.0
203,BE,GB,ES,-0.0
204,BE,HU,ES,-0.0
205,BE,LT,ES,-0.0
206,BE,NL,ES,-0.0
207,BE,PL,ES,-0.0
208,BE,PT,ES,-0.0
209,BE,SE,ES,-0.0
210,BE,SI,ES,-0.0
211,BE,SK,ES,-0.0
212,BE,DK,ES,-0.0
213,BE,FR,ES,-0.0
214,BE,GR,ES,-0.0
215,BE,HR,ES,-0.0
216,BE,IE,ES,-0.0
217,BE,LU,ES,-0.0
218,BE,NO,ES,-0.0
219,BE,RO,ES,-0.0
220,BE,AT,FL,-0.0
221,BE,BG,FL,-0.0
222,BE,CZ,FL,-0.0
223,BE,DE,FL,0.0
224,BE,ES,FL,-0.0
225,BE,GB,FL,-0.0
226,BE,HU,FL,-0.0
227,BE,LT,FL,0.0
228,BE,NL,FL,1.0
229,BE,PL,FL,-0.0
230,BE,PT,FL,-0.0
231,BE,SE,FL,0.0
232,BE,SI,FL,-0.0
233,BE,SK,FL,-0.0
234,BE,DK,FL,0.0
235,BE,FR,FL,-0.0
236,BE,GR,FL,-0.0
237,BE,HR,FL,-0.0
238,BE,IE,FL,-0.0
239,BE,LU,FL,-0.0
240,BE,NO,FL,-0.0
241,BE,RO,FL,-0.0
242,BE,AT,FR,-0.0
243,BE,BG,FR,0.0
244,BE,CZ,FR,-0.0
245,BE,DE,FR,-0.0
246,BE,ES,FR,-0.0
247,BE,FL,FR,-0.0
248,BE,GB,FR,-0.0
249,BE,HU,FR,-0.0
250,BE,LT,FR,0.0
251,BE,NL,FR,-0.0
252,BE,PL,FR,-0.0
253,BE,PT,FR,0.0
254,BE,SE,FR,-0.0
255,BE,SI,FR,0.0
256,BE,SK,FR,-0.0
257,BE,DK,FR,0.0
258,BE,GR,FR,0.0
259,BE,HR,FR,0.0
260,BE,IE,FR,-0.0
261,BE,LU,FR,0.0
262,BE,NO,FR,0.0
263,BE,RO,FR,0.0
264,BE,AT,GB,-0.0
265,BE,BG,GB,-0.0
266,BE,CZ,GB,-0.0
267,BE,DE,GB,-0.0
268,BE,ES,GB,-0.0
269,BE,FL,GB,-0.0
270,BE,HU,GB,-0.0
271,BE,LT,GB,-0.0
272,BE,NL,GB,-0.0
273,BE,PL,GB,-0.0
274,BE,PT,GB,-0.0
275,BE,SE,GB,-0.0
276,BE,SI,GB,-0.0
277,BE,SK,GB,-0.0
278,BE,DK,GB,-0.0
279,BE,FR,GB,-0.0
280,BE,GR,GB,-0.0
281,BE,HR,GB,-0.0
282,BE,IE,GB,-0.0
283,BE,LU,GB,-0.0
284,BE,NO,GB,-0.0
285,BE,RO,GB,-0.0
286,BE,AT,GR,0.0
287,BE,BG,GR,0.0
288,BE,CZ,GR,-0.0
289,BE,DE,GR,0.0
290,BE,ES,GR,-0.0
291,BE,FL,GR,-0.0
292,BE,GB,GR,-0.0
293,BE,HU,GR,-0.0
294,BE,LT,GR,0.0
295,BE,NL,GR,1.0
296,BE,PL,GR,-0.0
297,BE,PT,GR,0.0
298,BE,SE,GR,-0.0
299,BE,SI,GR,0.0
300,BE,SK,GR,-0.0
301,BE,DK,GR,0.0
302,BE,FR,GR,0.0
303,BE,HR,GR,0.0
304,BE,IE,GR,-0.0
305,BE,LU,GR,0.0
306,BE,NO,GR,0.0
307,BE,RO,GR,0.0
308,BE,AT,HR,1.0
309,BE,BG,HR,0.0
310,BE,CZ,HR,-0.0
311,BE,DE,HR,-0.0
312,BE,ES,HR,0.0
313,BE,FL,HR,-0.0
314,BE,GB,HR,-0.0
315,BE,HU,HR,-0.0
316,BE,LT,HR,0.0
317,BE,NL,HR,-0.0
318,BE,PL,HR,-0.0
319,BE,PT,HR,0.0
320,BE,SE,HR,0.0
321,BE,SI,HR,0.0
322,BE,SK,HR,-0.0
323,BE,DK,HR,0.0
324,BE,FR,HR,0.0
325,BE,GR,HR,0.0
326,BE,IE,HR,-0.0
327,BE,LU,HR,0.0
328,BE,NO,HR,0.0
329,BE,RO,HR,0.0
330,BE,AT,HU,0.0
331,BE,BG,HU,-0.0
332,BE,CZ,HU,-0.0
333,BE,DE,HU,1.0
334,BE,ES,HU,-0.0
335,BE,FL,HU,-0.0
336,BE,GB,HU,0.0
337,BE,LT,HU,-0.0
338,BE,NL,HU,-0.0
339,BE,PL,HU,-0.0
340,BE,PT,HU,-0.0
341,BE,SE,HU,-0.0
342,BE,SI,HU,-0.0
343,BE,SK,HU,-0.0
344,BE,DK,HU,0.0
345,BE,FR,HU,0.0
346,BE,GR,HU,-0.0
347,BE,HR,HU,-0.0
348,BE,IE,HU,-0.0
349,BE,LU,HU,-0.0
350,BE,NO,HU,-0.0
351,BE,RO,HU,-0.0
352,BE,AT,IE,-0.0
353,BE,BG,IE,-0.0
354,BE,CZ,IE,-0.0
355,BE,DE,IE,-0.0
356,BE,ES,IE,-0.0
357,BE,FL,IE,-0.0
358,BE,GB,IE,1.0
359,BE,HU,IE,-0.0
360,BE,LT,IE,-0.0
361,BE,NL,IE,-0.0
362,BE,PL,IE,-0.0
363,BE,PT,IE,-0.0
364,BE,SE,IE,-0.0
365,BE,SI,IE,-0.0
366,BE,SK,IE,-0.0
367,BE,DK,IE,-0.0
368,BE,FR,IE,-0.0
369,BE,GR,IE,-0.0
370,BE,HR,IE,-0.0
371,BE,LU,IE,-0.0
372,BE,NO,IE,-0.0
373,BE,RO,IE,-0.0
374,BE,AT,LT,-0.0
375,BE,BG,LT,0.0
376,BE,CZ,LT,-0.0
377,BE,DE,LT,-0.0
378,BE,ES,LT,0.0
379,BE,FL,LT,0.0
380,BE,GB,LT,-0.0
381,BE,HU,LT,-0.0
382,BE,NL,LT,-0.0
383,BE,PL,LT,1.0
384,BE,PT,LT,0.0
385,BE,SE,LT,-0.0
386,BE,SI,LT,0.0
387,BE,SK,LT,-0.0
388,BE,DK,LT,0.0
389,BE,FR,LT,0.0
390,BE,GR,LT,0.0
391,BE,HR,LT,0.0
392,BE,IE,LT,-0.0
393,BE,LU,LT,0.0
394,BE,NO,LT,0.0
395,BE,RO,LT,0.0
396,BE,AT,PL,0.0
397,BE,BG,PL,-0.0
398,BE,CZ,PL,-0.0
399,BE,DE,PL,0.0
400,BE,ES,PL,-0.0
401,BE,FL,PL,-0.0
402,BE,GB,PL,-0.0
403,BE,HU,PL,-0.0
404,BE,LT,PL,-0.0
405,BE,NL,PL,0.0
406,BE,PT,PL,-0.0
407,BE,SE,PL,-0.0
408,BE,SI,PL,-0.0
409,BE,SK,PL,-0.0
410,BE,DK,PL,-0.0
411,BE,FR,PL,-0.0
412,BE,GR,PL,-0.0
413,BE,HR,PL,-0.0
414,BE,IE,PL,-0.0
415,BE,LU,PL,-0.0
416,BE,NO,PL,-0.0
417,BE,RO,PL,-0.0
418,BE,AT,PT,-0.0
419,BE,BG,PT,0.0
420,BE,CZ,PT,-0.0
421,BE,DE,PT,0.0
422,BE,ES,PT,1.0
423,BE,FL,PT,-0.0
424,BE,GB,PT,-0.0
425,BE,HU,PT,-0.0
426,BE,LT,PT,0.0
427,BE,NL,PT,0.0
428,BE,PL,PT,-0.0
429,BE,SE,PT,-0.0
430,BE,SI,PT,0.0
431,BE,SK,PT,-0.0
432,BE,DK,PT,0.0
433,BE,FR,PT,0.0
434,BE,GR,PT,0.0
435,BE,HR,PT,0.0
436,BE,IE,PT,-0.0
437,BE,LU,PT,0.0
438,BE,NO,PT,0.0
439,BE,RO,PT,0.0
440,BE,AT,SE,0.0
441,BE,BG,SE,-0.0
442,BE,CZ,SE,0.0
443,BE,DE,SE,0.0
444,BE,ES,SE,-0.0
445,BE,FL,SE,-0.0
446,BE,GB,SE,-0.0
447,BE,HU,SE,-0.0
448,BE,LT,SE,-0.0
449,BE,NL,SE,-0.0
450,BE,PL,SE,0.0
451,BE,PT,SE,-0.0
452,BE,SI,SE,-0.0
453,BE,SK,SE,-0.0
454,BE,DK,SE,1.0
455,BE,FR,SE,-0.0
456,BE,GR,SE,-0.0
457,BE,HR,SE,-0.0
458,BE,IE,SE,-0.0
459,BE,LU,SE,-0.0
460,BE,NO,SE,-0.0
461,BE,RO,SE,-0.0
462,BE,AT,SI,0.0
463,BE,BG,SI,0.0
464,BE,CZ,SI,-0.0
465,BE,DE,SI,1.0
466,BE,ES,SI,0.0
467,BE,FL,SI,-0.0
468,BE,GB,SI,-0.0
469,BE,HU,SI,-0.0
470,BE,LT,SI,0.0
471,BE,NL,SI,-0.0
472,BE,PL,SI,-0.0
473,BE,PT,SI,0.0
474,BE,SE,SI,0.0
475,BE,SK,SI,-0.0
476,BE,DK,SI,0.0
477,BE,FR,SI,0.0
478,BE,GR,SI,0.0
479,BE,HR,SI,0.0
480,BE,IE,SI,-0.0
481,BE,LU,SI,0.0
482,BE,NO,SI,0.0
483,BE,RO,SI,0.0
484,BE,AT,SK,0.0
485,BE,BG,SK,-0.0
486,BE,CZ,SK,0.0
487,BE,DE,SK,1.0
488,BE,ES,SK,-0.0
489,BE,FL,SK,-0.0
490,BE,GB,SK,0.0
491,BE,HU,SK,0.0
492,BE,LT,SK,0.0
493,BE,NL,SK,-0.0
494,BE,PL,SK,-0.0
495,BE,PT,SK,-0.0
496,BE,SE,SK,0.0
497,BE,SI,SK,0.0
498,BE,DK,SK,0.0
499,BE,FR,SK,-0.0
500,BE,GR,SK,-0.0
501,BE,HR,SK,0.0
502,BE,IE,SK,-0.0
503,BE,LU,SK,-0.0
504,BE,NO,SK,-0.0
505,BE,RO,SK,-0.0
506,BG,BE,AT,-0.0
507,BG,CZ,AT,0.0
508,BG,DE,AT,0.0
509,BG,ES,AT,0.0
510,BG,FL,AT,-0.0
511,BG,GB,AT,-0.0
512,BG,HU,AT,0.0
513,BG,LT,AT,-0.0
514,BG,NL,AT,-0.0
515,BG,PL,AT,0.0
516,BG,PT,AT,-0.0
517,BG,SE,AT,-0.0
518,BG,SI,AT,0.0
519,BG,SK,AT,-0.0
520,BG,DK,AT,-0.0
521,BG,FR,AT,-0.0
522,BG,GR,AT,-0.0
523,BG,HR,AT,-0.0
524,BG,IE,AT,-0.0
525,BG,LU,AT,-0.0
526,BG,NO,AT,-0.0
527,BG,RO,AT,-0.0
528,BG,AT,DE,0.0
529,BG,BE,DE,-0.0
530,BG,CZ,DE,-0.0
531,BG,ES,DE,-0.0
532,BG,FL,DE,-0.0
533,BG,GB,DE,-0.0
534,BG,HU,DE,1.0
535,BG,LT,DE,-0.0
536,BG,NL,DE,-0.0
537,BG,PL,DE,-0.0
538,BG,PT,DE,-0.0
539,BG,SE,DE,-0.0
540,BG,SI,DE,0.0
541,BG,SK,DE,-0.0
542,BG,DK,DE,-0.0
543,BG,FR,DE,-0.0
544,BG,GR,DE,-0.0
545,BG,HR,DE,0.0
546,BG,IE,DE,-0.0
547,BG,LU,DE,-0.0
548,BG,NO,DE,-0.0
549,BG,RO,DE,-0.0
550,BG,AT,ES,0.0
551,BG,BE,ES,-0.0
552,BG,CZ,ES,-0.0
553,BG,DE,ES,-0.0
554,BG,FL,ES,-0.0
555,BG,GB,ES,-0.0
556,BG,HU,ES,-0.0
557,BG,LT,ES,-0.0
558,BG,NL,ES,-0.0
559,BG,PL,ES,1.0
560,BG,PT,ES,0.0
561,BG,SE,ES,-0.0
562,BG,SI,ES,-0.0
563,BG,SK,ES,-0.0
564,BG,DK,ES,-0.0
565,BG,FR,ES,-0.0
566,BG,GR,ES,-0.0
567,BG,HR,ES,0.0
568,BG,IE,ES,-0.0
569,BG,LU,ES,-0.0
570,BG,NO,ES,-0.0
571,BG,RO,ES,-0.0
572,BG,AT,FL,-0.0
573,BG,BE,FL,-0.0
574,BG,CZ,FL,-0.0
575,BG,DE,FL,-0.0
576,BG,ES,FL,-0.0
577,BG,GB,FL,-0.0
578,BG,HU,FL,-0.0
579,BG,LT,FL,1.0
580,BG,NL,FL,-0.0
581,BG,PL,FL,-0.0
582,BG,PT,FL,-0.0
583,BG,SE,FL,-0.0
584,BG,SI,FL,-0.0
585,BG,SK,FL,-0.0
586,BG,DK,FL,-0.0
587,BG,FR,FL,-0.0
588,BG,GR,FL,-0.0
589,BG,HR,FL,-0.0
590,BG,IE,FL,-0.0
591,BG,LU,FL,-0.0
592,BG,NO,FL,-0.0
593,BG,RO,FL,-0.0
594,BG,AT,LT,-0.0
595,BG,BE,LT,0.0
596,BG,CZ,LT,-0.0
597,BG,DE,LT,-0.0
598,BG,ES,LT,-0.0
599,BG,FL,LT,-0.0
600,BG,GB,LT,-0.0
601,BG,HU,LT,-0.0
602,BG,NL,LT,-0.0
603,BG,PL,LT,-0.0
604,BG,PT,LT,0.0
605,BG,SE,LT,-0.0
606,BG,SI,LT,0.0
607,BG,SK,LT,-0.0
608,BG,DK,LT,0.0
609,BG,FR,LT,0.0
610,BG,GR,LT,0.0
611,BG,HR,LT,0.0
612,BG,IE,LT,-0.0
613,BG,LU,LT,0.0
614,BG,NO,LT,0.0
615,BG,RO,LT,0.0
616,BG,AT,PT,-0.0
617,BG,BE,PT,0.0
618,BG,CZ,PT,-0.0
619,BG,DE,PT,-0.0
620,BG,ES,PT,0.0
621,BG,FL,PT,-0.0
622,BG,GB,PT,-0.0
623,BG,HU,PT,-0.0
624,BG,LT,PT,0.0
625,BG,NL,PT,-0.0
626,BG,PL,PT,1.0
627,BG,SE,PT,-0.0
628,BG,SI,PT,0.0
629,BG,SK,PT,-0.0
630,BG,DK,PT,0.0
631,BG,FR,PT,0.0
632,BG,GR,PT,0.0
633,BG,HR,PT,0.0
634,BG,IE,PT,-0.0
635,BG,LU,PT,0.0
636,BG,NO,PT,0.0
637,BG,RO,PT,0.0
638,CZ,BE,AT,-0.0
639,CZ,BG,AT,-0.0
640,CZ,DE,AT,0.0
641,CZ,ES,AT,-0.0
642,CZ,FL,AT,-0.0
643,CZ,GB,AT,-0.0
644,CZ,HU,AT,-0.0
645,CZ,LT,AT,-0.0
646,CZ,NL,AT,-0.0
647,CZ,PL,AT,-0.0
648,CZ,PT,AT,-0.0
649,CZ,SE,AT,-0.0
650,CZ,SI,AT,-0.0
651,CZ,SK,AT,-0.0
652,CZ,DK,AT,-0.0
653,CZ,FR,AT,-0.0
654,CZ,GR,AT,-0.0
655,CZ,HR,AT,-0.0
656,CZ,IE,AT,-0.0
657,CZ,LU,AT,-0.0
658,CZ,NO,AT,-0.0
659,CZ,RO,AT,-0.0
660,CZ,AT,DE,0.0
661,CZ,BE,DE,-0.0
662,CZ,BG,DE,-0.0
663,CZ,ES,DE,-0.0
664,CZ,FL,DE,-0.0
665,CZ,GB,DE,-0.0
666,CZ,HU,DE,-0.0
667,CZ,LT,DE,-0.0
668,CZ,NL,DE,-0.0
669,CZ,PL,DE,-0.0
670,CZ,PT,DE,-0.0
671,CZ,SE,DE,-0.0
672,CZ,SI,DE,-0.0
673,CZ,SK,DE,-0.0
674,CZ,DK,DE,-0.0
675,CZ,FR,DE,-0.0
676,CZ,GR,DE,-0.0
677,CZ,HR,DE,-0.0
678,CZ,IE,DE,-0.0
679,CZ,LU,DE,-0.0
680,CZ,NO,DE,-0.0
681,CZ,RO,DE,-0.0
682,CZ,AT,ES,0.0
683,CZ,BE,ES,-0.0
684,CZ,BG,ES,-0.0
685,CZ,DE,ES,-0.0
686,CZ,FL,ES,-0.0
687,CZ,GB,ES,-0.0
688,CZ,HU,ES,-0.0
689,CZ,LT,ES,-0.0
690,CZ,NL,ES,-0.0
691,CZ,PL,ES,-0.0
692,CZ,PT,ES,-0.0
693,CZ,SE,ES,-0.0
694,CZ,SI,ES,-0.0
695,CZ,SK,ES,-0.0
696,CZ,DK,ES,-0.0
697,CZ,FR,ES,-0.0
698,CZ,GR,ES,-0.0
699,CZ,HR,ES,-0.0
700,CZ,IE,ES,-0.0
701,CZ,LU,ES,-0.0
702,CZ,NO,ES,-0.0
703,CZ,RO,ES,-0.0
704,CZ,AT,FL,0.0
705,CZ,BE,FL,-0.0
706,CZ,BG,FL,0.0
707,CZ,DE,FL,0.0
708,CZ,ES,FL,-0.0
709,CZ,GB,FL,0.0
710,CZ,HU,FL,-0.0
711,CZ,LT,FL,-0.0
712,CZ,NL,FL,1.0
713,CZ,PL,FL,-0.0
714,CZ,PT,FL,-0.0
715,CZ,SE,FL,0.0
716,CZ,SI,FL,-0.0
717,CZ,SK,FL,-0.0
718,CZ,DK,FL,-0.0
719,CZ,FR,FL,0.0
720,CZ,GR,FL,-0.0
721,CZ,HR,FL,-0.0
722,CZ,IE,FL,-0.0
723,CZ,LU,FL,0.0
724,CZ,NO,FL,-0.0
725,CZ,RO,FL,-0.0
726,CZ,AT,HU,0.0
727,CZ,BE,HU,-0.0
728,CZ,BG,HU,-0.0
729,CZ,DE,HU,-0.0
730,CZ,ES,HU,-0.0
731,CZ,FL,HU,-0.0
732,CZ,GB,HU,-0.0
733,CZ,LT,HU,-0.0
734,CZ,NL,HU,-0.0
735,CZ,PL,HU,-0.0
736,CZ,PT,HU,-0.0
737,CZ,SE,HU,-0.0
738,CZ,SI,HU,-0.0
739,CZ,SK,HU,-0.0
740,CZ,DK,HU,-0.0
741,CZ,FR,HU,-0.0
742,CZ,GR,HU,-0.0
743,CZ,HR,HU,-0.0
744,CZ,IE,HU,-0.0
745,CZ,LU,HU,-0.0
746,CZ,NO,HU,-0.0
747,CZ,RO,HU,-0.0
748,CZ,AT,IE,0.0
749,CZ,BE,IE,-0.0
750,CZ,BG,IE,-0.0
751,CZ,DE,IE,0.0
752,CZ,ES,IE,-0.0
753,CZ,FL,IE,-0.0
754,CZ,GB,IE,0.0
755,CZ,HU,IE,-0.0
756,CZ,LT,IE,-0.0
757,CZ,NL,IE,1.0
758,CZ,PL,IE,-0.0
759,CZ,PT,IE,-0.0
760,CZ,SE,IE,-0.0
761,CZ,SI,IE,-0.0
762,CZ,SK,IE,-0.0
763,CZ,DK,IE,-0.0
764,CZ,FR,IE,-0.0
765,CZ,GR,IE,-0.0
766,CZ,HR,IE,-0.0
767,CZ,LU,IE,-0.0
768,CZ,NO,IE,-0.0
769,CZ,RO,IE,-0.0
770,CZ,AT,LT,0.0
771,CZ,BE,LT,-0.0
772,CZ,BG,LT,0.0
773,CZ,DE,LT,0.0
774,CZ,ES,LT,-0.0
775,CZ,FL,LT,0.0
776,CZ,GB,LT,-0.0
777,CZ,HU,LT,-0.0
778,CZ,NL,LT,1.0
779,CZ,PL,LT,0.0
780,CZ,PT,LT,-0.0
781,CZ,SE,LT,-0.0
782,CZ,SI,LT,-0.0
783,CZ,SK,LT,-0.0
784,CZ,DK,LT,-0.0
785,CZ,FR,LT,-0.0
786,CZ,GR,LT,-0.0
787,CZ,HR,LT,-0.0
788,CZ,IE,LT,-0.0
789,CZ,LU,LT,-0.0
790,CZ,NO,LT,-0.0
791,CZ,RO,LT,-0.0
792,CZ,AT,PL,0.0
793,CZ,BE,PL,-0.0
794,CZ,BG,PL,-0.0
795,CZ,DE,PL,-0.0
796,CZ,ES,PL,-0.0
797,CZ,FL,PL,-0.0
798,CZ,GB,PL,-0.0
799,CZ,HU,PL,-0.0
800,CZ,LT,PL,-0.0
801,CZ,NL,PL,-0.0
802,CZ,PT,PL,-0.0
803,CZ,SE,PL,-0.0
804,CZ,SI,PL,-0.0
805,CZ,SK,PL,-0.0
806,CZ,DK,PL,-0.0
807,CZ,FR,PL,-0.0
808,CZ,GR,PL,-0.0
809,CZ,HR,PL,-0.0
810,CZ,IE,PL,-0.0
811,CZ,LU,PL,-0.0
812,CZ,NO,PL,-0.0
813,CZ,RO,PL,-0.0
814,CZ,AT,PT,0.0
815,CZ,BE,PT,0.0
816,CZ,BG,PT,-0.0
817,CZ,DE,PT,0.0
818,CZ,ES,PT,0.0
819,CZ,FL,PT,-0.0
820,CZ,GB,PT,-0.0
821,CZ,HU,PT,-0.0
822,CZ,LT,PT,-0.0
823,CZ,NL,PT,1.0
824,CZ,PL,PT,-0.0
825,CZ,SE,PT,-0.0
826,CZ,SI,PT,-0.0
827,CZ,SK,PT,-0.0
828,CZ,DK,PT,-0.0
829,CZ,FR,PT,-0.0
830,CZ,GR,PT,-0.0
831,CZ,HR,PT,-0.0
832,CZ,IE,PT,-0.0
833,CZ,LU,PT,0.0
834,CZ,NO,PT,-0.0
835,CZ,RO,PT,-0.0
836,CZ,AT,SE,0.0
837,CZ,BE,SE,0.0
838,CZ,BG,SE,-0.0
839,CZ,DE,SE,1.0
840,CZ,ES,SE,-0.0
841,CZ,FL,SE,-0.0
842,CZ,GB,SE,-0.0
843,CZ,HU,SE,-0.0
844,CZ,LT,SE,-0.0
845,CZ,NL,SE,0.0
846,CZ,PL,SE,0.0
847,CZ,PT,SE,-0.0
848,CZ,SI,SE,-0.0
849,CZ,SK,SE,-0.0
850,CZ,DK,SE,0.0
851,CZ,FR,SE,-0.0
852,CZ,GR,SE,-0.0
853,CZ,HR,SE,-0.0
854,CZ,IE,SE,-0.0
855,CZ,LU,SE,-0.0
856,CZ,NO,SE,-0.0
857,CZ,RO,SE,-0.0
858,DE,BE,AT,-0.0
859,DE,BG,AT,-0.0
860,DE,CZ,AT,0.0
861,DE,ES,AT,-0.0
862,DE,FL,AT,-0.0
863,DE,GB,AT,-0.0
864,DE,HU,AT,-0.0
865,DE,LT,AT,-0.0
866,DE,NL,AT,-0.0
867,DE,PL,AT,-0.0
868,DE,PT,AT,-0.0
869,DE,SE,AT,-0.0
870,DE,SI,AT,-0.0
871,DE,SK,AT,-0.0
872,DE,DK,AT,-0.0
873,DE,FR,AT,-0.0
874,DE,GR,AT,-0.0
875,DE,HR,AT,-0.0
876,DE,IE,AT,-0.0
877,DE,LU,AT,-0.0
878,DE,NO,AT,-0.0
879,DE,RO,AT,-0.0
880,DE,AT,BE,0.0
881,DE,BG,BE,-0.0
882,DE,CZ,BE,-0.0
883,DE,ES,BE,-0.0
884,DE,FL,BE,-0.0
885,DE,GB,BE,-0.0
886,DE,HU,BE,-0.0
887,DE,LT,BE,-0.0
888,DE,NL,BE,-0.0
889,DE,PL,BE,-0.0
890,DE,PT,BE,-0.0
891,DE,SE,BE,-0.0
892,DE,SI,BE,-0.0
893,DE,SK,BE,-0.0
894,DE,DK,BE,-0.0
895,DE,FR,BE,-0.0
896,DE,GR,BE,-0.0
897,DE,HR,BE,-0.0
898,DE,IE,BE,-0.0
899,DE,LU,BE,-0.0
900,DE,NO,BE,-0.0
901,DE,RO,BE,-0.0
902,DE,AT,BG,0.0
903,DE,BE,BG,-0.0
904,DE,CZ,BG,-0.0
905,DE,ES,BG,-0.0
906,DE,FL,BG,-0.0
907,DE,GB,BG,-0.0
908,DE,HU,BG,-0.0
909,DE,LT,BG,-0.0
910,DE,NL,BG,-0.0
911,DE,PL,BG,-0.0
912,DE,PT,BG,-0.0
913,DE,SE,BG,-0.0
914,DE,SI,BG,-0.0
915,DE,SK,BG,-0.0
916,DE,DK,BG,-0.0
917,DE,FR,BG,-0.0
918,DE,GR,BG,-0.0
919,DE,HR,BG,-0.0
920,DE,IE,BG,-0.0
921,DE,LU,BG,-0.0
922,DE,NO,BG,-0.0
923,DE,RO,BG,-0.0
924,DE,AT,CZ,0.0
925,DE,BE,CZ,-0.0
926,DE,BG,CZ,-0.0
927,DE,ES,CZ,-0.0
928,DE,FL,CZ,-0.0
929,DE,GB,CZ,-0.0
930,DE,HU,CZ,-0.0
931,DE,LT,CZ,-0.0
932,DE,NL,CZ,-0.0
933,DE,PL,CZ,-0.0
934,DE,PT,CZ,-0.0
935,DE,SE,CZ,-0.0
936,DE,SI,CZ,-0.0
937,DE,SK,CZ,-0.0
938,DE,DK,CZ,-0.0
939,DE,FR,CZ,-0.0
940,DE,GR,CZ,-0.0
941,DE,HR,CZ,-0.0
942,DE,IE,CZ,-0.0
943,DE,LU,CZ,-0.0
944,DE,NO,CZ,-0.0
945,DE,RO,CZ,-0.0
946,DE,AT,DK,0.0
947,DE,BE,DK,-0.0
948,DE,BG,DK,-0.0
949,DE,CZ,DK,-0.0
950,DE,ES,DK,-0.0
951,DE,FL,DK,-0.0
952,DE,GB,DK,-0.0
953,DE,HU,DK,-0.0
954,DE,LT,DK,-0.0
955,DE,NL,DK,-0.0
956,DE,PL,DK,-0.0
957,DE,PT,DK,-0.0
958,DE,SE,DK,-0.0
959,DE,SI,DK,-0.0
960,DE,SK,DK,-0.0
961,DE,FR,DK,-0.0
962,DE,GR,DK,-0.0
963,DE,HR,DK,-0.0
964,DE,IE,DK,-0.0
965,DE,LU,DK,-0.0
966,DE,NO,DK,-0.0
967,DE,RO,DK,-0.0
968,DE,AT,ES,0.0
969,DE,BE,ES,-0.0
970,DE,BG,ES,-0.0
971,DE,CZ,ES,-0.0
972,DE,FL,ES,-0.0
973,DE,GB,ES,-0.0
974,DE,HU,ES,-0.0
975,DE,LT,ES,-0.0
976,DE,NL,ES,-0.0
977,DE,PL,ES,-0.0
978,DE,PT,ES,-0.0
979,DE,SE,ES,-0.0
980,DE,SI,ES,-0.0
981,DE,SK,ES,-0.0
982,DE,DK,ES,-0.0
983,DE,FR,ES,-0.0
984,DE,GR,ES,-0.0
985,DE,HR,ES,-0.0
986,DE,IE,ES,-0.0
987,DE,LU,ES,-0.0
988,DE,NO,ES,-0.0
989,DE,RO,ES,-0.0
990,DE,AT,FR,0.0
991,DE,BE,FR,-0.0
992,DE,BG,FR,-0.0
993,DE,CZ,FR,-0.0
994,DE,ES,FR,-0.0
995,DE,FL,FR,-0.0
996,DE,GB,FR,-0.0
997,DE,HU,FR,-0.0
998,DE,LT,FR,-0.0
999,DE,NL,FR,-0.0
1000,DE,PL,FR,-0.0
1001,DE,PT,FR,-0.0
1002,DE,SE,FR,-0.0
1003,DE,SI,FR,-0.0
1004,DE,SK,FR,-0.0
1005,DE,DK,FR,-0.0
1006,DE,GR,FR,-0.0
1007,DE,HR,FR,-0.0
1008,DE,IE,FR,-0.0
1009,DE,LU,FR,-0.0
1010,DE,NO,FR,-0.0
1011,DE,RO,FR,-0.0
1012,DE,AT,GB,0.0
1013,DE,BE,GB,-0.0
1014,DE,BG,GB,-0.0
1015,DE,CZ,GB,-0.0
1016,DE,ES,GB,-0.0
1017,DE,FL,GB,-0.0
1018,DE,HU,GB,-0.0
1019,DE,LT,GB,-0.0
1020,DE,NL,GB,-0.0
1021,DE,PL,GB,-0.0
1022,DE,PT,GB,-0.0
1023,DE,SE,GB,-0.0
1024,DE,SI,GB,-0.0
1025,DE,SK,GB,-0.0
1026,DE,DK,GB,-0.0
1027,DE,FR,GB,-0.0
1028,DE,GR,GB,-0.0
1029,DE,HR,GB,-0.0
1030,DE,IE,GB,-0.0
1031,DE,LU,GB,-0.0
1032,DE,NO,GB,-0.0
1033,DE,RO,GB,-0.0
1034,DE,AT,GR,0.0
1035,DE,BE,GR,0.0
1036,DE,BG,GR,0.0
1037,DE,CZ,GR,0.0
1038,DE,ES,GR,-0.0
1039,DE,FL,GR,-0.0
1040,DE,GB,GR,-0.0
1041,DE,HU,GR,0.0
1042,DE,LT,GR,-0.0
1043,DE,NL,GR,1.0
1044,DE,PL,GR,0.0
1045,DE,PT,GR,-0.0
1046,DE,SE,GR,-0.0
1047,DE,SI,GR,-0.0
1048,DE,SK,GR,-0.0
1049,DE,DK,GR,-0.0
1050,DE,FR,GR,-0.0
1051,DE,HR,GR,0.0
1052,DE,IE,GR,-0.0
1053,DE,LU,GR,-0.0
1054,DE,NO,GR,-0.0
1055,DE,RO,GR,-0.0
1056,DE,AT,HR,0.0
1057,DE,BE,HR,-0.0
1058,DE,BG,HR,-0.0
1059,DE,CZ,HR,0.0
1060,DE,ES,HR,-0.0
1061,DE,FL,HR,-0.0
1062,DE,GB,HR,-0.0
1063,DE,HU,HR,0.0
1064,DE,LT,HR,-0.0
1065,DE,NL,HR,-0.0
1066,DE,PL,HR,0.0
1067,DE,PT,HR,-0.0
1068,DE,SE,HR,-0.0
1069,DE,SI,HR,-0.0
1070,DE,SK,HR,0.0
1071,DE,DK,HR,-0.0
1072,DE,FR,HR,-0.0
1073,DE,GR,HR,-0.0
1074,DE,IE,HR,-0.0
1075,DE,LU,HR,-0.0
1076,DE,NO,HR,-0.0
1077,DE,RO,HR,-0.0
1078,DE,AT,HU,0.0
1079,DE,BE,HU,-0.0
1080,DE,BG,HU,-0.0
1081,DE,CZ,HU,-0.0
1082,DE,ES,HU,-0.0
1083,DE,FL,HU,-0.0
1084,DE,GB,HU,-0.0
1085,DE,LT,HU,-0.0
1086,DE,NL,HU,-0.0
1087,DE,PL,HU,-0.0
1088,DE,PT,HU,-0.0
1089,DE,SE,HU,-0.0
1090,DE,SI,HU,-0.0
1091,DE,SK,HU,-0.0
1092,DE,DK,HU,-0.0
1093,DE,FR,HU,-0.0
1094,DE,GR,HU,-0.0
1095,DE,HR,HU,-0.0
1096,DE,IE,HU,-0.0
1097,DE,LU,HU,-0.0
1098,DE,NO,HU,-0.0
1099,DE,RO,HU,-0.0
1100,DE,AT,IE,0.0
1101,DE,BE,IE,0.0
1102,DE,BG,IE,-0.0
1103,DE,CZ,IE,0.0
1104,DE,ES,IE,-0.0
1105,DE,FL,IE,-0.0
1106,DE,GB,IE,1.0
1107,DE,HU,IE,-0.0
1108,DE,LT,IE,-0.0
1109,DE,NL,IE,0.0
1110,DE,PL,IE,0.0
1111,DE,PT,IE,-0.0
1112,DE,SE,IE,0.0
1113,DE,SI,IE,-0.0
1114,DE,SK,IE,-0.0
1115,DE,DK,IE,-0.0
1116,DE,FR,IE,0.0
1117,DE,GR,IE,-0.0
1118,DE,HR,IE,-0.0
1119,DE,LU,IE,0.0
1120,DE,NO,IE,-0.0
1121,DE,RO,IE,-0.0
1122,DE,AT,LT,0.0
1123,DE,BE,LT,-0.0
1124,DE,BG,LT,-0.0
1125,DE,CZ,LT,0.0
1126,DE,ES,LT,-0.0
1127,DE,FL,LT,-0.0
1128,DE,GB,LT,-0.0
1129,DE,HU,LT,0.0
1130,DE,NL,LT,0.0
1131,DE,PL,LT,1.0
1132,DE,PT,LT,-0.0
1133,DE,SE,LT,-0.0
1134,DE,SI,LT,0.0
1135,DE,SK,LT,0.0
1136,DE,DK,LT,-0.0
1137,DE,FR,LT,-0.0
1138,DE,GR,LT,-0.0
1139,DE,HR,LT,-0.0
1140,DE,IE,LT,-0.0
1141,DE,LU,LT,-0.0
1142,DE,NO,LT,-0.0
1143,DE,RO,LT,-0.0
1144,DE,AT,LU,0.0
1145,DE,BE,LU,-0.0
1146,DE,BG,LU,-0.0
1147,DE,CZ,LU,-0.0
1148,DE,ES,LU,-0.0
1149,DE,FL,LU,-0.0
1150,DE,GB,LU,-0.0
1151,DE,HU,LU,-0.0
1152,DE,LT,LU,-0.0
1153,DE,NL,LU,-0.0
1154,DE,PL,LU,-0.0
1155,DE,PT,LU,-0.0
1156,DE,SE,LU,-0.0
1157,DE,SI,LU,-0.0
1158,DE,SK,LU,-0.0
1159,DE,DK,LU,-0.0
1160,DE,FR,LU,-0.0
1161,DE,GR,LU,-0.0
1162,DE,HR,LU,-0.0
1163,DE,IE,LU,-0.0
1164,DE,NO,LU,-0.0
1165,DE,RO,LU,-0.0
1166,DE,AT,NL,0.0
1167,DE,BE,NL,-0.0
1168,DE,BG,NL,-0.0
1169,DE,CZ,NL,-0.0
1170,DE,ES,NL,-0.0
1171,DE,FL,NL,-0.0
1172,DE,GB,NL,-0.0
1173,DE,HU,NL,-0.0
1174,DE,LT,NL,-0.0
1175,DE,PL,NL,-0.0
1176,DE,PT,NL,-0.0
1177,DE,SE,NL,-0.0
1178,DE,SI,NL,-0.0
1179,DE,SK,NL,-0.0
1180,DE,DK,NL,-0.0
1181,DE,FR,NL,-0.0
1182,DE,GR,NL,-0.0
1183,DE,HR,NL,-0.0
1184,DE,IE,NL,-0.0
1185,DE,LU,NL,-0.0
1186,DE,NO,NL,-0.0
1187,DE,RO,NL,-0.0
1188,DE,AT,NO,0.0
1189,DE,BE,NO,-0.0
1190,DE,BG,NO,-0.0
1191,DE,CZ,NO,-0.0
1192,DE,ES,NO,-0.0
1193,DE,FL,NO,-0.0
1194,DE,GB,NO,-0.0
1195,DE,HU,NO,-0.0
1196,DE,LT,NO,-0.0
1197,DE,NL,NO,-0.0
1198,DE,PL,NO,-0.0
1199,DE,PT,NO,-0.0
1200,DE,SE,NO,0.0
1201,DE,SI,NO,-0.0
1202,DE,SK,NO,-0.0
1203,DE,DK,NO,-0.0
1204,DE,FR,NO,-0.0
1205,DE,GR,NO,-0.0
1206,DE,HR,NO,-0.0
1207,DE,IE,NO,-0.0
1208,DE,LU,NO,-0.0
1209,DE,RO,NO,-0.0
1210,DE,AT,PL,0.0
1211,DE,BE,PL,-0.0
1212,DE,BG,PL,-0.0
1213,DE,CZ,PL,-0.0
1214,DE,ES,PL,-0.0
1215,DE,FL,PL,-0.0
1216,DE,GB,PL,-0.0
1217,DE,HU,PL,-0.0
1218,DE,LT,PL,-0.0
1219,DE,NL,PL,-0.0
1220,DE,PT,PL,-0.0
1221,DE,SE,PL,-0.0
1222,DE,SI,PL,-0.0
1223,DE,SK,PL,-0.0
1224,DE,DK,PL,-0.0
1225,DE,FR,PL,-0.0
1226,DE,GR,PL,-0.0
1227,DE,HR,PL,-0.0
1228,DE,IE,PL,-0.0
1229,DE,LU,PL,-0.0
1230,DE,NO,PL,-0.0
1231,DE,RO,PL,-0.0
1232,DE,AT,PT,0.0
1233,DE,BE,PT,-0.0
1234,DE,BG,PT,-0.0
1235,DE,CZ,PT,-0.0
1236,DE,ES,PT,0.0
1237,DE,FL,PT,-0.0
1238,DE,GB,PT,-0.0
1239,DE,HU,PT,-0.0
1240,DE,LT,PT,-0.0
1241,DE,NL,PT,-0.0
1242,DE,PL,PT,-0.0
1243,DE,SE,PT,-0.0
1244,DE,SI,PT,-0.0
1245,DE,SK,PT,-0.0
1246,DE,DK,PT,-0.0
1247,DE,FR,PT,0.0
1248,DE,GR,PT,-0.0
1249,DE,HR,PT,-0.0
1250,DE,IE,PT,-0.0
1251,DE,LU,PT,-0.0
1252,DE,NO,PT,-0.0
1253,DE,RO,PT,-0.0
1254,DE,AT,SE,0.0
1255,DE,BE,SE,-0.0
1256,DE,BG,SE,-0.0
1257,DE,CZ,SE,-0.0
1258,DE,ES,SE,-0.0
1259,DE,FL,SE,-0.0
1260,DE,GB,SE,-0.0
1261,DE,HU,SE,-0.0
1262,DE,LT,SE,-0.0
1263,DE,NL,SE,-0.0
1264,DE,PL,SE,-0.0
1265,DE,PT,SE,-0.0
1266,DE,SI,SE,-0.0
1267,DE,SK,SE,-0.0
1268,DE,DK,SE,-0.0
1269,DE,FR,SE,-0.0
1270,DE,GR,SE,-0.0
1271,DE,HR,SE,-0.0
1272,DE,IE,SE,-0.0
1273,DE,LU,SE,-0.0
1274,DE,NO,SE,-0.0
1275,DE,RO,SE,-0.0
1276,DE,AT,SI,0.0
1277,DE,BE,SI,-0.0
1278,DE,BG,SI,-0.0
1279,DE,CZ,SI,-0.0
1280,DE,ES,SI,-0.0
1281,DE,FL,SI,-0.0
1282,DE,GB,SI,-0.0
1283,DE,HU,SI,-0.0
1284,DE,LT,SI,-0.0
1285,DE,NL,SI,-0.0
1286,DE,PL,SI,-0.0
1287,DE,PT,SI,-0.0
1288,DE,SE,SI,-0.0
1289,DE,SK,SI,-0.0
1290,DE,DK,SI,-0.0
1291,DE,FR,SI,-0.0
1292,DE,GR,SI,-0.0
1293,DE,HR,SI,-0.0
1294,DE,IE,SI,-0.0
1295,DE,LU,SI,-0.0
1296,DE,NO,SI,-0.0
1297,DE,RO,SI,-0.0
1298,DE,AT,SK,0.0
1299,DE,BE,SK,-0.0
1300,DE,BG,SK,-0.0
1301,DE,CZ,SK,-0.0
1302,DE,ES,SK,-0.0
1303,DE,FL,SK,-0.0
1304,DE,GB,SK,-0.0
1305,DE,HU,SK,-0.0
1306,DE,LT,SK,-0.0
1307,DE,NL,SK,-0.0
1308,DE,PL,SK,-0.0
1309,DE,PT,SK,-0.0
1310,DE,SE,SK,-0.0
1311,DE,SI,SK,-0.0
1312,DE,DK,SK,-0.0
1313,DE,FR,SK,-0.0
1314,DE,GR,SK,-0.0
1315,DE,HR,SK,-0.0
1316,DE,IE,SK,-0.0
1317,DE,LU,SK,-0.0
1318,DE,NO,SK,-0.0
1319,DE,RO,SK,-0.0
1320,ES,BE,AT,-0.0
1321,ES,BG,AT,-0.0
1322,ES,CZ,AT,0.0
1323,ES,DE,AT,0.0
1324,ES,FL,AT,-0.0
1325,ES,GB,AT,-0.0
1326,ES,HU,AT,-0.0
1327,ES,LT,AT,-0.0
1328,ES,NL,AT,-0.0
1329,ES,PL,AT,-0.0
1330,ES,PT,AT,-0.0
1331,ES,SE,AT,-0.0
1332,ES,SI,AT,-0.0
1333,ES,SK,AT,-0.0
1334,ES,DK,AT,-0.0
1335,ES,FR,AT,-0.0
1336,ES,GR,AT,-0.0
1337,ES,HR,AT,-0.0
1338,ES,IE,AT,-0.0
1339,ES,LU,AT,-0.0
1340,ES,NO,AT,-0.0
1341,ES,RO,AT,-0.0
1342,ES,AT,BE,0.0
1343,ES,BG,BE,-0.0
1344,ES,CZ,BE,-0.0
1345,ES,DE,BE,-0.0
1346,ES,FL,BE,-0.0
1347,ES,GB,BE,-0.0
1348,ES,HU,BE,-0.0
1349,ES,LT,BE,-0.0
1350,ES,NL,BE,-0.0
1351,ES,PL,BE,-0.0
1352,ES,PT,BE,-0.0
1353,ES,SE,BE,-0.0
1354,ES,SI,BE,-0.0
1355,ES,SK,BE,-0.0
1356,ES,DK,BE,-0.0
1357,ES,FR,BE,-0.0
1358,ES,GR,BE,-0.0
1359,ES,HR,BE,-0.0
1360,ES,IE,BE,-0.0
1361,ES,LU,BE,-0.0
1362,ES,NO,BE,-0.0
1363,ES,RO,BE,-0.0
1364,ES,AT,BG,1.0
1365,ES,BE,BG,0.0
1366,ES,CZ,BG,0.0
1367,ES,DE,BG,0.0
1368,ES,FL,BG,-0.0
1369,ES,GB,BG,-0.0
1370,ES,HU,BG,-0.0
1371,ES,LT,BG,-0.0
1372,ES,NL,BG,0.0
1373,ES,PL,BG,0.0
1374,ES,PT,BG,-0.0
1375,ES,SE,BG,-0.0
1376,ES,SI,BG,0.0
1377,ES,SK,BG,0.0
1378,ES,DK,BG,-0.0
1379,ES,FR,BG,0.0
1380,ES,GR,BG,0.0
1381,ES,HR,BG,-0.0
1382,ES,IE,BG,-0.0
1383,ES,LU,BG,-0.0
1384,ES,NO,BG,-0.0
1385,ES,RO,BG,0.0
1386,ES,AT,CZ,1.0
1387,ES,BE,CZ,0.0
1388,ES,BG,CZ,-0.0
1389,ES,DE,CZ,0.0
1390,ES,FL,CZ,-0.0
1391,ES,GB,CZ,-0.0
1392,ES,HU,CZ,0.0
1393,ES,LT,CZ,-0.0
1394,ES,NL,CZ,0.0
1395,ES,PL,CZ,0.0
1396,ES,PT,CZ,-0.0
1397,ES,SE,CZ,-0.0
1398,ES,SI,CZ,0.0
1399,ES,SK,CZ,0.0
1400,ES,DK,CZ,-0.0
1401,ES,FR,CZ,0.0
1402,ES,GR,CZ,-0.0
1403,ES,HR,CZ,-0.0
1404,ES,IE,CZ,-0.0
1405,ES,LU,CZ,0.0
1406,ES,NO,CZ,-0.0
1407,ES,RO,CZ,-0.0
1408,ES,AT,DE,0.0
1409,ES,BE,DE,-0.0
1410,ES,BG,DE,-0.0
1411,ES,CZ,DE,-0.0
1412,ES,FL,DE,-0.0
1413,ES,GB,DE,-0.0
1414,ES,HU,DE,-0.0
1415,ES,LT,DE,-0.0
1416,ES,NL,DE,-0.0
1417,ES,PL,DE,-0.0
1418,ES,PT,DE,-0.0
1419,ES,SE,DE,-0.0
1420,ES,SI,DE,-0.0
1421,ES,SK,DE,-0.0
1422,ES,DK,DE,-0.0
1423,ES,FR,DE,-0.0
1424,ES,GR,DE,-0.0
1425,ES,HR,DE,-0.0
1426,ES,IE,DE,-0.0
1427,ES,LU,DE,-0.0
1428,ES,NO,DE,-0.0
1429,ES,RO,DE,-0.0
1430,ES,AT,DK,0.0
1431,ES,BE,DK,1.0
1432,ES,BG,DK,-0.0
1433,ES,CZ,DK,-0.0
1434,ES,DE,DK,-0.0
1435,ES,FL,DK,-0.0
1436,ES,GB,DK,-0.0
1437,ES,HU,DK,-0.0
1438,ES,LT,DK,0.0
1439,ES,NL,DK,-0.0
1440,ES,PL,DK,-0.0
1441,ES,PT,DK,0.0
1442,ES,SE,DK,0.0
1443,ES,SI,DK,-0.0
1444,ES,SK,DK,-0.0
1445,ES,FR,DK,-0.0
1446,ES,GR,DK,-0.0
1447,ES,HR,DK,-0.0
1448,ES,IE,DK,-0.0
1449,ES,LU,DK,-0.0
1450,ES,NO,DK,-0.0
1451,ES,RO,DK,-0.0
1452,ES,AT,FL,0.0
1453,ES,BE,FL,-0.0
1454,ES,BG,FL,-0.0
1455,ES,CZ,FL,0.0
1456,ES,DE,FL,0.0
1457,ES,GB,FL,0.0
1458,ES,HU,FL,-0.0
1459,ES,LT,FL,0.0
1460,ES,NL,FL,1.0
1461,ES,PL,FL,0.0
1462,ES,PT,FL,0.0
1463,ES,SE,FL,-0.0
1464,ES,SI,FL,-0.0
1465,ES,SK,FL,-0.0
1466,ES,DK,FL,0.0
1467,ES,FR,FL,-0.0
1468,ES,GR,FL,-0.0
1469,ES,HR,FL,-0.0
1470,ES,IE,FL,-0.0
1471,ES,LU,FL,-0.0
1472,ES,NO,FL,-0.0
1473,ES,RO,FL,-0.0
1474,ES,AT,GB,0.0
1475,ES,BE,GB,-0.0
1476,ES,BG,GB,-0.0
1477,ES,CZ,GB,-0.0
1478,ES,DE,GB,-0.0
1479,ES,FL,GB,-0.0
1480,ES,HU,GB,-0.0
1481,ES,LT,GB,-0.0
1482,ES,NL,GB,-0.0
1483,ES,PL,GB,-0.0
1484,ES,PT,GB,-0.0
1485,ES,SE,GB,-0.0
1486,ES,SI,GB,-0.0
1487,ES,SK,GB,-0.0
1488,ES,DK,GB,-0.0
1489,ES,FR,GB,-0.0
1490,ES,GR,GB,-0.0
1491,ES,HR,GB,-0.0
1492,ES,IE,GB,-0.0
1493,ES,LU,GB,-0.0
1494,ES,NO,GB,-0.0
1495,ES,RO,GB,-0.0
1496,ES,AT,GR,0.0
1497,ES,BE,GR,-0.0
1498,ES,BG,GR,0.0
1499,ES,CZ,GR,0.0
1500,ES,DE,GR,0.0
1501,ES,FL,GR,-0.0
1502,ES,GB,GR,-0.0
1503,ES,HU,GR,0.0
1504,ES,LT,GR,-0.0
1505,ES,NL,GR,1.0
1506,ES,PL,GR,0.0
1507,ES,PT,GR,-0.0
1508,ES,SE,GR,-0.0
1509,ES,SI,GR,-0.0
1510,ES,SK,GR,-0.0
1511,ES,DK,GR,-0.0
1512,ES,FR,GR,-0.0
1513,ES,HR,GR,-0.0
1514,ES,IE,GR,-0.0
1515,ES,LU,GR,-0.0
1516,ES,NO,GR,-0.0
1517,ES,RO,GR,-0.0
1518,ES,AT,HR,1.0
1519,ES,BE,HR,-0.0
1520,ES,BG,HR,-0.0
1521,ES,CZ,HR,0.0
1522,ES,DE,HR,0.0
1523,ES,FL,HR,-0.0
1524,ES,GB,HR,-0.0
1525,ES,HU,HR,-0.0
1526,ES,LT,HR,-0.0
1527,ES,NL,HR,-0.0
1528,ES,PL,HR,-0.0
1529,ES,PT,HR,-0.0
1530,ES,SE,HR,-0.0
1531,ES,SI,HR,-0.0
1532,ES,SK,HR,0.0
1533,ES,DK,HR,-0.0
1534,ES,FR,HR,-0.0
1535,ES,GR,HR,-0.0
1536,ES,IE,HR,-0.0
1537,ES,LU,HR,-0.0
1538,ES,NO,HR,-0.0
1539,ES,RO,HR,-0.0
1540,ES,AT,HU,1.0
1541,ES,BE,HU,0.0
1542,ES,BG,HU,-0.0
1543,ES,CZ,HU,0.0
1544,ES,DE,HU,0.0
1545,ES,FL,HU,-0.0
1546,ES,GB,HU,-0.0
1547,ES,LT,HU,-0.0
1548,ES,NL,HU,0.0
1549,ES,PL,HU,0.0
1550,ES,PT,HU,-0.0
1551,ES,SE,HU,-0.0
1552,ES,SI,HU,0.0
1553,ES,SK,HU,-0.0
1554,ES,DK,HU,-0.0
1555,ES,FR,HU,0.0
1556,ES,GR,HU,-0.0
1557,ES,HR,HU,0.0
1558,ES,IE,HU,-0.0
1559,ES,LU,HU,-0.0
1560,ES,NO,HU,-0.0
1561,ES,RO,HU,0.0
1562,ES,AT,IE,0.0
1563,ES,BE,IE,-0.0
1564,ES,BG,IE,-0.0
1565,ES,CZ,IE,-0.0
1566,ES,DE,IE,-0.0
1567,ES,FL,IE,-0.0
1568,ES,GB,IE,1.0
1569,ES,HU,IE,-0.0
1570,ES,LT,IE,-0.0
1571,ES,NL,IE,-0.0
1572,ES,PL,IE,-0.0
1573,ES,PT,IE,-0.0
1574,ES,SE,IE,-0.0
1575,ES,SI,IE,-0.0
1576,ES,SK,IE,-0.0
1577,ES,DK,IE,-0.0
1578,ES,FR,IE,-0.0
1579,ES,GR,IE,-0.0
1580,ES,HR,IE,-0.0
1581,ES,LU,IE,-0.0
1582,ES,NO,IE,-0.0
1583,ES,RO,IE,-0.0
1584,ES,AT,LT,0.0
1585,ES,BE,LT,-0.0
1586,ES,BG,LT,0.0
1587,ES,CZ,LT,-0.0
1588,ES,DE,LT,0.0
1589,ES,FL,LT,0.0
1590,ES,GB,LT,-0.0
1591,ES,HU,LT,0.0
1592,ES,NL,LT,1.0
1593,ES,PL,LT,-0.0
1594,ES,PT,LT,0.0
1595,ES,SE,LT,-0.0
1596,ES,SI,LT,0.0
1597,ES,SK,LT,0.0
1598,ES,DK,LT,-0.0
1599,ES,FR,LT,0.0
1600,ES,GR,LT,-0.0
1601,ES,HR,LT,-0.0
1602,ES,IE,LT,-0.0
1603,ES,LU,LT,-0.0
1604,ES,NO,LT,-0.0
1605,ES,RO,LT,-0.0
1606,ES,AT,LU,0.0
1607,ES,BE,LU,-0.0
1608,ES,BG,LU,-0.0
1609,ES,CZ,LU,0.0
1610,ES,DE,LU,0.0
1611,ES,FL,LU,-0.0
1612,ES,GB,LU,0.0
1613,ES,HU,LU,-0.0
1614,ES,LT,LU,-0.0
1615,ES,NL,LU,1.0
1616,ES,PL,LU,-0.0
1617,ES,PT,LU,-0.0
1618,ES,SE,LU,-0.0
1619,ES,SI,LU,0.0
1620,ES,SK,LU,-0.0
1621,ES,DK,LU,-0.0
1622,ES,FR,LU,-0.0
1623,ES,GR,LU,-0.0
1624,ES,HR,LU,-0.0
1625,ES,IE,LU,-0.0
1626,ES,NO,LU,-0.0
1627,ES,RO,LU,-0.0
1628,ES,AT,NL,0.0
1629,ES,BE,NL,-0.0
1630,ES,BG,NL,-0.0
1631,ES,CZ,NL,-0.0
1632,ES,DE,NL,-0.0
1633,ES,FL,NL,-0.0
1634,ES,GB,NL,-0.0
1635,ES,HU,NL,-0.0
1636,ES,LT,NL,-0.0
1637,ES,PL,NL,-0.0
1638,ES,PT,NL,-0.0
1639,ES,SE,NL,-0.0
1640,ES,SI,NL,-0.0
1641,ES,SK,NL,-0.0
1642,ES,DK,NL,-0.0
1643,ES,FR,NL,-0.0
1644,ES,GR,NL,-0.0
1645,ES,HR,NL,-0.0
1646,ES,IE,NL,-0.0
1647,ES,LU,NL,-0.0
1648,ES,NO,NL,-0.0
1649,ES,RO,NL,-0.0
1650,ES,AT,PL,0.0
1651,ES,BE,PL,1.0
1652,ES,BG,PL,-0.0
1653,ES,CZ,PL,0.0
1654,ES,DE,PL,0.0
1655,ES,FL,PL,-0.0
1656,ES,GB,PL,-0.0
1657,ES,HU,PL,-0.0
1658,ES,LT,PL,-0.0
1659,ES,NL,PL,-0.0
1660,ES,PT,PL,-0.0
1661,ES,SE,PL,-0.0
1662,ES,SI,PL,-0.0
1663,ES,SK,PL,-0.0
1664,ES,DK,PL,-0.0
1665,ES,FR,PL,-0.0
1666,ES,GR,PL,-0.0
1667,ES,HR,PL,-0.0
1668,ES,IE,PL,-0.0
1669,ES,LU,PL,0.0
1670,ES,NO,PL,-0.0
1671,ES,RO,PL,-0.0
1672,ES,AT,RO,1.0
1673,ES,BE,RO,-0.0
1674,ES,BG,RO,-0.0
1675,ES,CZ,RO,0.0
1676,ES,DE,RO,0.0
1677,ES,FL,RO,-0.0
1678,ES,GB,RO,-0.0
1679,ES,HU,RO,0.0
1680,ES,LT,RO,-0.0
1681,ES,NL,RO,0.0
1682,ES,PL,RO,0.0
1683,ES,PT,RO,-0.0
1684,ES,SE,RO,-0.0
1685,ES,SI,RO,0.0
1686,ES,SK,RO,0.0
1687,ES,DK,RO,-0.0
1688,ES,FR,RO,0.0
1689,ES,GR,RO,-0.0
1690,ES,HR,RO,-0.0
1691,ES,IE,RO,-0.0
1692,ES,LU,RO,0.0
1693,ES,NO,RO,-0.0
1694,ES,AT,SE,0.0
1695,ES,BE,SE,0.0
1696,ES,BG,SE,-0.0
1697,ES,CZ,SE,0.0
1698,ES,DE,SE,0.0
1699,ES,FL,SE,-0.0
1700,ES,GB,SE,-0.0
1701,ES,HU,SE,-0.0
1702,ES,LT,SE,-0.0
1703,ES,NL,SE,0.0
1704,ES,PL,SE,0.0
1705,ES,PT,SE,-0.0
1706,ES,SI,SE,-0.0
1707,ES,SK,SE,-0.0
1708,ES,DK,SE,0.0
1709,ES,FR,SE,0.0
1710,ES,GR,SE,-0.0
1711,ES,HR,SE,-0.0
1712,ES,IE,SE,-0.0
1713,ES,LU,SE,-0.0
1714,ES,NO,SE,-0.0
1715,ES,RO,SE,-0.0
1716,ES,AT,SI,1.0
1717,ES,BE,SI,-0.0
1718,ES,BG,SI,-0.0
1719,ES,CZ,SI,0.0
1720,ES,DE,SI,0.0
1721,ES,FL,SI,-0.0
1722,ES,GB,SI,-0.0
1723,ES,HU,SI,-0.0
1724,ES,LT,SI,-0.0
1725,ES,NL,SI,-0.0
1726,ES,PL,SI,-0.0
1727,ES,PT,SI,-0.0
1728,ES,SE,SI,-0.0
1729,ES,SK,SI,-0.0
1730,ES,DK,SI,-0.0
1731,ES,FR,SI,0.0
1732,ES,GR,SI,-0.0
1733,ES,HR,SI,0.0
1734,ES,IE,SI,-0.0
1735,ES,LU,SI,0.0
1736,ES,NO,SI,-0.0
1737,ES,RO,SI,-0.0
1738,ES,AT,SK,1.0
1739,ES,BE,SK,0.0
1740,ES,BG,SK,-0.0
1741,ES,CZ,SK,0.0
1742,ES,DE,SK,0.0
1743,ES,FL,SK,-0.0
1744,ES,GB,SK,-0.0
1745,ES,HU,SK,0.0
1746,ES,LT,SK,-0.0
1747,ES,NL,SK,0.0
1748,ES,PL,SK,0.0
1749,ES,PT,SK,-0.0
1750,ES,SE,SK,-0.0
1751,ES,SI,SK,0.0
1752,ES,DK,SK,-0.0
1753,ES,FR,SK,-0.0
1754,ES,GR,SK,-0.0
1755,ES,HR,SK,0.0
1756,ES,IE,SK,-0.0
1757,ES,LU,SK,-0.0
1758,ES,NO,SK,-0.0
1759,ES,RO,SK,-0.0
1760,FL,BE,AT,-0.0
1761,FL,BG,AT,-0.0
1762,FL,CZ,AT,0.0
1763,FL,DE,AT,0.0
1764,FL,ES,AT,-0.0
1765,FL,GB,AT,-0.0
1766,FL,HU,AT,-0.0
1767,FL,LT,AT,-0.0
1768,FL,NL,AT,-0.0
1769,FL,PL,AT,0.0
1770,FL,PT,AT,-0.0
1771,FL,SE,AT,-0.0
1772,FL,SI,AT,-0.0
1773,FL,SK,AT,-0.0
1774,FL,DK,AT,-0.0
1775,FL,FR,AT,-0.0
1776,FL,GR,AT,-0.0
1777,FL,HR,AT,-0.0
1778,FL,IE,AT,-0.0
1779,FL,LU,AT,-0.0
1780,FL,NO,AT,-0.0
1781,FL,RO,AT,-0.0
1782,FL,AT,BE,-0.0
1783,FL,BG,BE,-0.0
1784,FL,CZ,BE,-0.0
1785,FL,DE,BE,-0.0
1786,FL,ES,BE,-0.0
1787,FL,GB,BE,-0.0
1788,FL,HU,BE,-0.0
1789,FL,LT,BE,-0.0
1790,FL,NL,BE,-0.0
1791,FL,PL,BE,-0.0
1792,FL,PT,BE,-0.0
1793,FL,SE,BE,-0.0
1794,FL,SI,BE,-0.0
1795,FL,SK,BE,-0.0
1796,FL,DK,BE,-0.0
1797,FL,FR,BE,-0.0
1798,FL,GR,BE,-0.0
1799,FL,HR,BE,-0.0
1800,FL,IE,BE,-0.0
1801,FL,LU,BE,-0.0
1802,FL,NO,BE,-0.0
1803,FL,RO,BE,-0.0
1804,FL,AT,BG,1.0
1805,FL,BE,BG,0.0
1806,FL,CZ,BG,0.0
1807,FL,DE,BG,0.0
1808,FL,ES,BG,-0.0
1809,FL,GB,BG,-0.0
1810,FL,HU,BG,-0.0
1811,FL,LT,BG,0.0
1812,FL,NL,BG,-0.0
1813,FL,PL,BG,0.0
1814,FL,PT,BG,-0.0
1815,FL,SE,BG,0.0
1816,FL,SI,BG,-0.0
1817,FL,SK,BG,-0.0
1818,FL,DK,BG,0.0
1819,FL,FR,BG,-0.0
1820,FL,GR,BG,-0.0
1821,FL,HR,BG,-0.0
1822,FL,IE,BG,-0.0
1823,FL,LU,BG,-0.0
1824,FL,NO,BG,-0.0
1825,FL,RO,BG,-0.0
1826,FL,AT,CZ,0.0
1827,FL,BE,CZ,-0.0
1828,FL,BG,CZ,-0.0
1829,FL,DE,CZ,-0.0
1830,FL,ES,CZ,-0.0
1831,FL,GB,CZ,-0.0
1832,FL,HU,CZ,-0.0
1833,FL,LT,CZ,-0.0
1834,FL,NL,CZ,-0.0
1835,FL,PL,CZ,1.0
1836,FL,PT,CZ,-0.0
1837,FL,SE,CZ,-0.0
1838,FL,SI,CZ,-0.0
1839,FL,SK,CZ,-0.0
1840,FL,DK,CZ,0.0
1841,FL,FR,CZ,-0.0
1842,FL,GR,CZ,-0.0
1843,FL,HR,CZ,-0.0
1844,FL,IE,CZ,-0.0
1845,FL,LU,CZ,-0.0
1846,FL,NO,CZ,-0.0
1847,FL,RO,CZ,-0.0
1848,FL,AT,DE,0.0
1849,FL,BE,DE,-0.0
1850,FL,BG,DE,-0.0
1851,FL,CZ,DE,-0.0
1852,FL,ES,DE,-0.0
1853,FL,GB,DE,-0.0
1854,FL,HU,DE,-0.0
1855,FL,LT,DE,-0.0
1856,FL,NL,DE,-0.0
1857,FL,PL,DE,-0.0
1858,FL,PT,DE,-0.0
1859,FL,SE,DE,-0.0
1860,FL,SI,DE,-0.0
1861,FL,SK,DE,-0.0
1862,FL,DK,DE,-0.0
1863,FL,FR,DE,-0.0
1864,FL,GR,DE,-0.0
1865,FL,HR,DE,-0.0
1866,FL,IE,DE,-0.0
1867,FL,LU,DE,-0.0
1868,FL,NO,DE,-0.0
1869,FL,RO,DE,-0.0
1870,FL,AT,DK,-0.0
1871,FL,BE,DK,-0.0
1872,FL,BG,DK,-0.0
1873,FL,CZ,DK,-0.0
1874,FL,DE,DK,-0.0
1875,FL,ES,DK,-0.0
1876,FL,GB,DK,-0.0
1877,FL,HU,DK,-0.0
1878,FL,LT,DK,-0.0
1879,FL,NL,DK,-0.0
1880,FL,PL,DK,-0.0
1881,FL,PT,DK,-0.0
1882,FL,SE,DK,-0.0
1883,FL,SI,DK,-0.0
1884,FL,SK,DK,-0.0
1885,FL,FR,DK,-0.0
1886,FL,GR,DK,-0.0
1887,FL,HR,DK,-0.0
1888,FL,IE,DK,-0.0
1889,FL,LU,DK,-0.0
1890,FL,NO,DK,-0.0
1891,FL,RO,DK,-0.0
1892,FL,AT,ES,0.0
1893,FL,BE,ES,-0.0
1894,FL,BG,ES,-0.0
1895,FL,CZ,ES,-0.0
1896,FL,DE,ES,-0.0
1897,FL,GB,ES,-0.0
1898,FL,HU,ES,-0.0
1899,FL,LT,ES,-0.0
1900,FL,NL,ES,-0.0
1901,FL,PL,ES,-0.0
1902,FL,PT,ES,0.0
1903,FL,SE,ES,1.0
1904,FL,SI,ES,-0.0
1905,FL,SK,ES,-0.0
1906,FL,DK,ES,-0.0
1907,FL,FR,ES,-0.0
1908,FL,GR,ES,-0.0
1909,FL,HR,ES,-0.0
1910,FL,IE,ES,-0.0
1911,FL,LU,ES,-0.0
1912,FL,NO,ES,-0.0
1913,FL,RO,ES,-0.0
1914,FL,AT,HU,1.0
1915,FL,BE,HU,-0.0
1916,FL,BG,HU,-0.0
1917,FL,CZ,HU,0.0
1918,FL,DE,HU,0.0
1919,FL,ES,HU,-0.0
1920,FL,GB,HU,-0.0
1921,FL,LT,HU,0.0
1922,FL,NL,HU,-0.0
1923,FL,PL,HU,0.0
1924,FL,PT,HU,-0.0
1925,FL,SE,HU,0.0
1926,FL,SI,HU,-0.0
1927,FL,SK,HU,-0.0
1928,FL,DK,HU,0.0
1929,FL,FR,HU,-0.0
1930,FL,GR,HU,-0.0
1931,FL,HR,HU,-0.0
1932,FL,IE,HU,-0.0
1933,FL,LU,HU,-0.0
1934,FL,NO,HU,-0.0
1935,FL,RO,HU,-0.0
1936,FL,AT,LU,0.0
1937,FL,BE,LU,0.0
1938,FL,BG,LU,-0.0
1939,FL,CZ,LU,0.0
1940,FL,DE,LU,0.0
1941,FL,ES,LU,-0.0
1942,FL,GB,LU,-0.0
1943,FL,HU,LU,-0.0
1944,FL,LT,LU,-0.0
1945,FL,NL,LU,1.0
1946,FL,PL,LU,-0.0
1947,FL,PT,LU,-0.0
1948,FL,SE,LU,-0.0
1949,FL,SI,LU,-0.0
1950,FL,SK,LU,0.0
1951,FL,DK,LU,-0.0
1952,FL,FR,LU,-0.0
1953,FL,GR,LU,-0.0
1954,FL,HR,LU,-0.0
1955,FL,IE,LU,-0.0
1956,FL,NO,LU,-0.0
1957,FL,RO,LU,-0.0
1958,FL,AT,NL,0.0
1959,FL,BE,NL,-0.0
1960,FL,BG,NL,-0.0
1961,FL,CZ,NL,-0.0
1962,FL,DE,NL,-0.0
1963,FL,ES,NL,-0.0
1964,FL,GB,NL,-0.0
1965,FL,HU,NL,-0.0
1966,FL,LT,NL,-0.0
1967,FL,PL,NL,-0.0
1968,FL,PT,NL,-0.0
1969,FL,SE,NL,0.0
1970,FL,SI,NL,-0.0
1971,FL,SK,NL,-0.0
1972,FL,DK,NL,0.0
1973,FL,FR,NL,-0.0
1974,FL,GR,NL,-0.0
1975,FL,HR,NL,-0.0
1976,FL,IE,NL,-0.0
1977,FL,LU,NL,-0.0
1978,FL,NO,NL,-0.0
1979,FL,RO,NL,-0.0
1980,FL,AT,PL,0.0
1981,FL,BE,PL,-0.0
1982,FL,BG,PL,-0.0
1983,FL,CZ,PL,-0.0
1984,FL,DE,PL,-0.0
1985,FL,ES,PL,-0.0
1986,FL,GB,PL,-0.0
1987,FL,HU,PL,-0.0
1988,FL,LT,PL,-0.0
1989,FL,NL,PL,-0.0
1990,FL,PT,PL,-0.0
1991,FL,SE,PL,-0.0
1992,FL,SI,PL,-0.0
1993,FL,SK,PL,-0.0
1994,FL,DK,PL,-0.0
1995,FL,FR,PL,-0.0
1996,FL,GR,PL,-0.0
1997,FL,HR,PL,-0.0
1998,FL,IE,PL,-0.0
1999,FL,LU,PL,-0.0
2000,FL,NO,PL,-0.0
2001,FL,RO,PL,-0.0
2002,FL,AT,PT,-0.0
2003,FL,BE,PT,0.0
2004,FL,BG,PT,-0.0
2005,FL,CZ,PT,0.0
2006,FL,DE,PT,0.0
2007,FL,ES,PT,0.0
2008,FL,GB,PT,-0.0
2009,FL,HU,PT,-0.0
2010,FL,LT,PT,-0.0
2011,FL,NL,PT,1.0
2012,FL,PL,PT,-0.0
2013,FL,SE,PT,0.0
2014,FL,SI,PT,-0.0
2015,FL,SK,PT,-0.0
2016,FL,DK,PT,-0.0
2017,FL,FR,PT,-0.0
2018,FL,GR,PT,-0.0
2019,FL,HR,PT,-0.0
2020,FL,IE,PT,-0.0
2021,FL,LU,PT,0.0
2022,FL,NO,PT,-0.0
2023,FL,RO,PT,-0.0
2024,FL,AT,SE,0.0
2025,FL,BE,SE,-0.0
2026,FL,BG,SE,-0.0
2027,FL,CZ,SE,-0.0
2028,FL,DE,SE,-0.0
2029,FL,ES,SE,-0.0
2030,FL,GB,SE,-0.0
2031,FL,HU,SE,-0.0
2032,FL,LT,SE,-0.0
2033,FL,NL,SE,-0.0
2034,FL,PL,SE,-0.0
2035,FL,PT,SE,-0.0
2036,FL,SI,SE,-0.0
2037,FL,SK,SE,-0.0
2038,FL,DK,SE,-0.0
2039,FL,FR,SE,-0.0
2040,FL,GR,SE,-0.0
2041,FL,HR,SE,-0.0
2042,FL,IE,SE,-0.0
2043,FL,LU,SE,-0.0
2044,FL,NO,SE,-0.0
2045,FL,RO,SE,-0.0
2046,FL,AT,SI,1.0
2047,FL,BE,SI,-0.0
2048,FL,BG,SI,-0.0
2049,FL,CZ,SI,-0.0
2050,FL,DE,SI,-0.0
2051,FL,ES,SI,-0.0
2052,FL,GB,SI,-0.0
2053,FL,HU,SI,-0.0
2054,FL,LT,SI,-0.0
2055,FL,NL,SI,-0.0
2056,FL,PL,SI,-0.0
2057,FL,PT,SI,-0.0
2058,FL,SE,SI,-0.0
2059,FL,SK,SI,-0.0
2060,FL,DK,SI,-0.0
2061,FL,FR,SI,-0.0
2062,FL,GR,SI,-0.0
2063,FL,HR,SI,-0.0
2064,FL,IE,SI,-0.0
2065,FL,LU,SI,-0.0
2066,FL,NO,SI,-0.0
2067,FL,RO,SI,-0.0
2068,FL,AT,SK,1.0
2069,FL,BE,SK,-0.0
2070,FL,BG,SK,-0.0
2071,FL,CZ,SK,0.0
2072,FL,DE,SK,0.0
2073,FL,ES,SK,-0.0
2074,FL,GB,SK,-0.0
2075,FL,HU,SK,0.0
2076,FL,LT,SK,0.0
2077,FL,NL,SK,-0.0
2078,FL,PL,SK,0.0
2079,FL,PT,SK,-0.0
2080,FL,SE,SK,0.0
2081,FL,SI,SK,-0.0
2082,FL,DK,SK,0.0
2083,FL,FR,SK,-0.0
2084,FL,GR,SK,-0.0
2085,FL,HR,SK,-0.0
2086,FL,IE,SK,-0.0
2087,FL,LU,SK,-0.0
2088,FL,NO,SK,-0.0
2089,FL,RO,SK,-0.0
2090,GB,BE,AT,-0.0
2091,GB,BG,AT,-0.0
2092,GB,CZ,AT,0.0
2093,GB,DE,AT,0.0
2094,GB,ES,AT,-0.0
2095,GB,FL,AT,-0.0
2096,GB,HU,AT,-0.0
2097,GB,LT,AT,-0.0
2098,GB,NL,AT,-0.0
2099,GB,PL,AT,-0.0
2100,GB,PT,AT,-0.0
2101,GB,SE,AT,-0.0
2102,GB,SI,AT,-0.0
2103,GB,SK,AT,-0.0
2104,GB,DK,AT,-0.0
2105,GB,FR,AT,-0.0
2106,GB,GR,AT,-0.0
2107,GB,HR,AT,-0.0
2108,GB,IE,AT,-0.0
2109,GB,LU,AT,-0.0
2110,GB,NO,AT,-0.0
2111,GB,RO,AT,-0.0
2112,GB,AT,BE,-0.0
2113,GB,BG,BE,-0.0
2114,GB,CZ,BE,-0.0
2115,GB,DE,BE,-0.0
2116,GB,ES,BE,-0.0
2117,GB,FL,BE,-0.0
2118,GB,HU,BE,-0.0
2119,GB,LT,BE,-0.0
2120,GB,NL,BE,-0.0
2121,GB,PL,BE,-0.0
2122,GB,PT,BE,-0.0
2123,GB,SE,BE,-0.0
2124,GB,SI,BE,-0.0
2125,GB,SK,BE,-0.0
2126,GB,DK,BE,-0.0
2127,GB,FR,BE,-0.0
2128,GB,GR,BE,-0.0
2129,GB,HR,BE,-0.0
2130,GB,IE,BE,-0.0
2131,GB,LU,BE,-0.0
2132,GB,NO,BE,-0.0
2133,GB,RO,BE,-0.0
2134,GB,AT,BG,1.0
2135,GB,BE,BG,0.0
2136,GB,CZ,BG,0.0
2137,GB,DE,BG,-0.0
2138,GB,ES,BG,-0.0
2139,GB,FL,BG,-0.0
2140,GB,HU,BG,0.0
2141,GB,LT,BG,-0.0
2142,GB,NL,BG,-0.0
2143,GB,PL,BG,-0.0
2144,GB,PT,BG,-0.0
2145,GB,SE,BG,-0.0
2146,GB,SI,BG,-0.0
2147,GB,SK,BG,-0.0
2148,GB,DK,BG,-0.0
2149,GB,FR,BG,-0.0
2150,GB,GR,BG,-0.0
2151,GB,HR,BG,-0.0
2152,GB,IE,BG,-0.0
2153,GB,LU,BG,-0.0
2154,GB,NO,BG,-0.0
2155,GB,RO,BG,-0.0
2156,GB,AT,CZ,0.0
2157,GB,BE,CZ,-0.0
2158,GB,BG,CZ,-0.0
2159,GB,DE,CZ,0.0
2160,GB,ES,CZ,-0.0
2161,GB,FL,CZ,-0.0
2162,GB,HU,CZ,-0.0
2163,GB,LT,CZ,-0.0
2164,GB,NL,CZ,1.0
2165,GB,PL,CZ,-0.0
2166,GB,PT,CZ,-0.0
2167,GB,SE,CZ,-0.0
2168,GB,SI,CZ,-0.0
2169,GB,SK,CZ,-0.0
2170,GB,DK,CZ,-0.0
2171,GB,FR,CZ,-0.0
2172,GB,GR,CZ,-0.0
2173,GB,HR,CZ,-0.0
2174,GB,IE,CZ,-0.0
2175,GB,LU,CZ,0.0
2176,GB,NO,CZ,-0.0
2177,GB,RO,CZ,-0.0
2178,GB,AT,DE,0.0
2179,GB,BE,DE,-0.0
2180,GB,BG,DE,-0.0
2181,GB,CZ,DE,-0.0
2182,GB,ES,DE,-0.0
2183,GB,FL,DE,-0.0
2184,GB,HU,DE,-0.0
2185,GB,LT,DE,-0.0
2186,GB,NL,DE,-0.0
2187,GB,PL,DE,-0.0
2188,GB,PT,DE,-0.0
2189,GB,SE,DE,-0.0
2190,GB,SI,DE,-0.0
2191,GB,SK,DE,-0.0
2192,GB,DK,DE,-0.0
2193,GB,FR,DE,-0.0
2194,GB,GR,DE,-0.0
2195,GB,HR,DE,-0.0
2196,GB,IE,DE,-0.0
2197,GB,LU,DE,-0.0
2198,GB,NO,DE,-0.0
2199,GB,RO,DE,-0.0
2200,GB,AT,DK,-0.0
2201,GB,BE,DK,0.0
2202,GB,BG,DK,-0.0
2203,GB,CZ,DK,-0.0
2204,GB,DE,DK,-0.0
2205,GB,ES,DK,-0.0
2206,GB,FL,DK,-0.0
2207,GB,HU,DK,-0.0
2208,GB,LT,DK,-0.0
2209,GB,NL,DK,1.0
2210,GB,PL,DK,-0.0
2211,GB,PT,DK,-0.0
2212,GB,SE,DK,-0.0
2213,GB,SI,DK,-0.0
2214,GB,SK,DK,-0.0
2215,GB,FR,DK,-0.0
2216,GB,GR,DK,-0.0
2217,GB,HR,DK,-0.0
2218,GB,IE,DK,-0.0
2219,GB,LU,DK,-0.0
2220,GB,NO,DK,-0.0
2221,GB,RO,DK,-0.0
2222,GB,AT,ES,0.0
2223,GB,BE,ES,-0.0
2224,GB,BG,ES,-0.0
2225,GB,CZ,ES,-0.0
2226,GB,DE,ES,-0.0
2227,GB,FL,ES,-0.0
2228,GB,HU,ES,-0.0
2229,GB,LT,ES,-0.0
2230,GB,NL,ES,-0.0
2231,GB,PL,ES,-0.0
2232,GB,PT,ES,-0.0
2233,GB,SE,ES,-0.0
2234,GB,SI,ES,-0.0
2235,GB,SK,ES,-0.0
2236,GB,DK,ES,-0.0
2237,GB,FR,ES,-0.0
2238,GB,GR,ES,-0.0
2239,GB,HR,ES,-0.0
2240,GB,IE,ES,-0.0
2241,GB,LU,ES,-0.0
2242,GB,NO,ES,-0.0
2243,GB,RO,ES,-0.0
2244,GB,AT,FL,0.0
2245,GB,BE,FL,-0.0
2246,GB,BG,FL,-0.0
2247,GB,CZ,FL,-0.0
2248,GB,DE,FL,0.0
2249,GB,ES,FL,-0.0
2250,GB,HU,FL,-0.0
2251,GB,LT,FL,-0.0
2252,GB,NL,FL,1.0
2253,GB,PL,FL,-0.0
2254,GB,PT,FL,-0.0
2255,GB,SE,FL,0.0
2256,GB,SI,FL,-0.0
2257,GB,SK,FL,-0.0
2258,GB,DK,FL,-0.0
2259,GB,FR,FL,-0.0
2260,GB,GR,FL,-0.0
2261,GB,HR,FL,-0.0
2262,GB,IE,FL,-0.0
2263,GB,LU,FL,-0.0
2264,GB,NO,FL,-0.0
2265,GB,RO,FL,-0.0
2266,GB,AT,FR,-0.0
2267,GB,BE,FR,-0.0
2268,GB,BG,FR,-0.0
2269,GB,CZ,FR,-0.0
2270,GB,DE,FR,-0.0
2271,GB,ES,FR,-0.0
2272,GB,FL,FR,-0.0
2273,GB,HU,FR,-0.0
2274,GB,LT,FR,-0.0
2275,GB,NL,FR,-0.0
2276,GB,PL,FR,-0.0
2277,GB,PT,FR,-0.0
2278,GB,SE,FR,-0.0
2279,GB,SI,FR,-0.0
2280,GB,SK,FR,-0.0
2281,GB,DK,FR,-0.0
2282,GB,GR,FR,-0.0
2283,GB,HR,FR,-0.0
2284,GB,IE,FR,-0.0
2285,GB,LU,FR,-0.0
2286,GB,NO,FR,-0.0
2287,GB,RO,FR,-0.0
2288,GB,AT,GR,0.0
2289,GB,BE,GR,-0.0
2290,GB,BG,GR,0.0
2291,GB,CZ,GR,-0.0
2292,GB,DE,GR,0.0
2293,GB,ES,GR,-0.0
2294,GB,FL,GR,-0.0
2295,GB,HU,GR,0.0
2296,GB,LT,GR,-0.0
2297,GB,NL,GR,1.0
2298,GB,PL,GR,-0.0
2299,GB,PT,GR,-0.0
2300,GB,SE,GR,-0.0
2301,GB,SI,GR,-0.0
2302,GB,SK,GR,-0.0
2303,GB,DK,GR,-0.0
2304,GB,FR,GR,-0.0
2305,GB,HR,GR,-0.0
2306,GB,IE,GR,-0.0
2307,GB,LU,GR,0.0
2308,GB,NO,GR,-0.0
2309,GB,RO,GR,-0.0
2310,GB,AT,HR,1.0
2311,GB,BE,HR,0.0
2312,GB,BG,HR,-0.0
2313,GB,CZ,HR,-0.0
2314,GB,DE,HR,0.0
2315,GB,ES,HR,-0.0
2316,GB,FL,HR,-0.0
2317,GB,HU,HR,-0.0
2318,GB,LT,HR,-0.0
2319,GB,NL,HR,-0.0
2320,GB,PL,HR,-0.0
2321,GB,PT,HR,-0.0
2322,GB,SE,HR,-0.0
2323,GB,SI,HR,-0.0
2324,GB,SK,HR,-0.0
2325,GB,DK,HR,-0.0
2326,GB,FR,HR,-0.0
2327,GB,GR,HR,-0.0
2328,GB,IE,HR,-0.0
2329,GB,LU,HR,-0.0
2330,GB,NO,HR,-0.0
2331,GB,RO,HR,-0.0
2332,GB,AT,HU,0.0
2333,GB,BE,HU,-0.0
2334,GB,BG,HU,-0.0
2335,GB,CZ,HU,-0.0
2336,GB,DE,HU,-0.0
2337,GB,ES,HU,-0.0
2338,GB,FL,HU,-0.0
2339,GB,LT,HU,-0.0
2340,GB,NL,HU,-0.0
2341,GB,PL,HU,-0.0
2342,GB,PT,HU,-0.0
2343,GB,SE,HU,-0.0
2344,GB,SI,HU,-0.0
2345,GB,SK,HU,-0.0
2346,GB,DK,HU,-0.0
2347,GB,FR,HU,-0.0
2348,GB,GR,HU,-0.0
2349,GB,HR,HU,-0.0
2350,GB,IE,HU,-0.0
2351,GB,LU,HU,-0.0
2352,GB,NO,HU,-0.0
2353,GB,RO,HU,-0.0
2354,GB,AT,LT,-0.0
2355,GB,BE,LT,-0.0
2356,GB,BG,LT,-0.0
2357,GB,CZ,LT,-0.0
2358,GB,DE,LT,0.0
2359,GB,ES,LT,-0.0
2360,GB,FL,LT,-0.0
2361,GB,HU,LT,-0.0
2362,GB,NL,LT,1.0
2363,GB,PL,LT,0.0
2364,GB,PT,LT,-0.0
2365,GB,SE,LT,-0.0
2366,GB,SI,LT,-0.0
2367,GB,SK,LT,-0.0
2368,GB,DK,LT,-0.0
2369,GB,FR,LT,-0.0
2370,GB,GR,LT,-0.0
2371,GB,HR,LT,-0.0
2372,GB,IE,LT,-0.0
2373,GB,LU,LT,-0.0
2374,GB,NO,LT,-0.0
2375,GB,RO,LT,-0.0
2376,GB,AT,LU,-0.0
2377,GB,BE,LU,-0.0
2378,GB,BG,LU,-0.0
2379,GB,CZ,LU,-0.0
2380,GB,DE,LU,-0.0
2381,GB,ES,LU,-0.0
2382,GB,FL,LU,-0.0
2383,GB,HU,LU,-0.0
2384,GB,LT,LU,-0.0
2385,GB,NL,LU,-0.0
2386,GB,PL,LU,-0.0
2387,GB,PT,LU,-0.0
2388,GB,SE,LU,-0.0
2389,GB,SI,LU,-0.0
2390,GB,SK,LU,-0.0
2391,GB,DK,LU,-0.0
2392,GB,FR,LU,-0.0
2393,GB,GR,LU,-0.0
2394,GB,HR,LU,-0.0
2395,GB,IE,LU,-0.0
2396,GB,NO,LU,-0.0
2397,GB,RO,LU,-0.0
2398,GB,AT,NL,0.0
2399,GB,BE,NL,-0.0
2400,GB,BG,NL,-0.0
2401,GB,CZ,NL,-0.0
2402,GB,DE,NL,-0.0
2403,GB,ES,NL,-0.0
2404,GB,FL,NL,-0.0
2405,GB,HU,NL,-0.0
2406,GB,LT,NL,-0.0
2407,GB,PL,NL,-0.0
2408,GB,PT,NL,-0.0
2409,GB,SE,NL,-0.0
2410,GB,SI,NL,-0.0
2411,GB,SK,NL,-0.0
2412,GB,DK,NL,-0.0
2413,GB,FR,NL,-0.0
2414,GB,GR,NL,-0.0
2415,GB,HR,NL,-0.0
2416,GB,IE,NL,-0.0
2417,GB,LU,NL,-0.0
2418,GB,NO,NL,-0.0
2419,GB,RO,NL,-0.0
2420,GB,AT,PL,0.0
2421,GB,BE,PL,1.0
2422,GB,BG,PL,-0.0
2423,GB,CZ,PL,-0.0
2424,GB,DE,PL,0.0
2425,GB,ES,PL,-0.0
2426,GB,FL,PL,-0.0
2427,GB,HU,PL,-0.0
2428,GB,LT,PL,-0.0
2429,GB,NL,PL,0.0
2430,GB,PT,PL,-0.0
2431,GB,SE,PL,-0.0
2432,GB,SI,PL,-0.0
2433,GB,SK,PL,-0.0
2434,GB,DK,PL,-0.0
2435,GB,FR,PL,-0.0
2436,GB,GR,PL,-0.0
2437,GB,HR,PL,-0.0
2438,GB,IE,PL,-0.0
2439,GB,LU,PL,-0.0
2440,GB,NO,PL,-0.0
2441,GB,RO,PL,-0.0
2442,GB,AT,PT,-0.0
2443,GB,BE,PT,-0.0
2444,GB,BG,PT,-0.0
2445,GB,CZ,PT,-0.0
2446,GB,DE,PT,-0.0
2447,GB,ES,PT,1.0
2448,GB,FL,PT,-0.0
2449,GB,HU,PT,-0.0
2450,GB,LT,PT,-0.0
2451,GB,NL,PT,-0.0
2452,GB,PL,PT,-0.0
2453,GB,SE,PT,-0.0
2454,GB,SI,PT,-0.0
2455,GB,SK,PT,-0.0
2456,GB,DK,PT,-0.0
2457,GB,FR,PT,-0.0
2458,GB,GR,PT,-0.0
2459,GB,HR,PT,-0.0
2460,GB,IE,PT,-0.0
2461,GB,LU,PT,-0.0
2462,GB,NO,PT,-0.0
2463,GB,RO,PT,-0.0
2464,GB,AT,RO,1.0
2465,GB,BE,RO,-0.0
2466,GB,BG,RO,-0.0
2467,GB,CZ,RO,-0.0
2468,GB,DE,RO,0.0
2469,GB,ES,RO,-0.0
2470,GB,FL,RO,-0.0
2471,GB,HU,RO,0.0
2472,GB,LT,RO,-0.0
2473,GB,NL,RO,-0.0
2474,GB,PL,RO,-0.0
2475,GB,PT,RO,-0.0
2476,GB,SE,RO,-0.0
2477,GB,SI,RO,0.0
2478,GB,SK,RO,0.0
2479,GB,DK,RO,-0.0
2480,GB,FR,RO,-0.0
2481,GB,GR,RO,-0.0
2482,GB,HR,RO,0.0
2483,GB,IE,RO,-0.0
2484,GB,LU,RO,-0.0
2485,GB,NO,RO,-0.0
2486,GB,AT,SI,-0.0
2487,GB,BE,SI,-0.0
2488,GB,BG,SI,-0.0
2489,GB,CZ,SI,-0.0
2490,GB,DE,SI,0.0
2491,GB,ES,SI,-0.0
2492,GB,FL,SI,-0.0
2493,GB,HU,SI,-0.0
2494,GB,LT,SI,-0.0
2495,GB,NL,SI,-0.0
2496,GB,PL,SI,-0.0
2497,GB,PT,SI,-0.0
2498,GB,SE,SI,-0.0
2499,GB,SK,SI,-0.0
2500,GB,DK,SI,-0.0
2501,GB,FR,SI,-0.0
2502,GB,GR,SI,-0.0
2503,GB,HR,SI,-0.0
2504,GB,IE,SI,-0.0
2505,GB,LU,SI,1.0
2506,GB,NO,SI,-0.0
2507,GB,RO,SI,-0.0
2508,GB,AT,SK,0.0
2509,GB,BE,SK,-0.0
2510,GB,BG,SK,-0.0
2511,GB,CZ,SK,-0.0
2512,GB,DE,SK,0.0
2513,GB,ES,SK,-0.0
2514,GB,FL,SK,-0.0
2515,GB,HU,SK,-0.0
2516,GB,LT,SK,-0.0
2517,GB,NL,SK,-0.0
2518,GB,PL,SK,-0.0
2519,GB,PT,SK,-0.0
2520,GB,SE,SK,-0.0
2521,GB,SI,SK,-0.0
2522,GB,DK,SK,-0.0
2523,GB,FR,SK,-0.0
2524,GB,GR,SK,-0.0
2525,GB,HR,SK,-0.0
2526,GB,IE,SK,-0.0
2527,GB,LU,SK,-0.0
2528,GB,NO,SK,-0.0
2529,GB,RO,SK,-0.0
2530,HU,BE,AT,-0.0
2531,HU,BG,AT,-0.0
2532,HU,CZ,AT,0.0
2533,HU,DE,AT,0.0
2534,HU,ES,AT,-0.0
2535,HU,FL,AT,-0.0
2536,HU,GB,AT,-0.0
2537,HU,LT,AT,-0.0
2538,HU,NL,AT,-0.0
2539,HU,PL,AT,-0.0
2540,HU,PT,AT,-0.0
2541,HU,SE,AT,-0.0
2542,HU,SI,AT,-0.0
2543,HU,SK,AT,-0.0
2544,HU,DK,AT,-0.0
2545,HU,FR,AT,-0.0
2546,HU,GR,AT,-0.0
2547,HU,HR,AT,-0.0
2548,HU,IE,AT,-0.0
2549,HU,LU,AT,-0.0
2550,HU,NO,AT,-0.0
2551,HU,RO,AT,-0.0
2552,HU,AT,BE,0.0
2553,HU,BG,BE,-0.0
2554,HU,CZ,BE,-0.0
2555,HU,DE,BE,1.0
2556,HU,ES,BE,-0.0
2557,HU,FL,BE,-0.0
2558,HU,GB,BE,-0.0
2559,HU,LT,BE,-0.0
2560,HU,NL,BE,-0.0
2561,HU,PL,BE,-0.0
2562,HU,PT,BE,-0.0
2563,HU,SE,BE,-0.0
2564,HU,SI,BE,-0.0
2565,HU,SK,BE,-0.0
2566,HU,DK,BE,-0.0
2567,HU,FR,BE,-0.0
2568,HU,GR,BE,-0.0
2569,HU,HR,BE,-0.0
2570,HU,IE,BE,-0.0
2571,HU,LU,BE,-0.0
2572,HU,NO,BE,-0.0
2573,HU,RO,BE,-0.0
2574,HU,AT,CZ,0.0
2575,HU,BE,CZ,-0.0
2576,HU,BG,CZ,-0.0
2577,HU,DE,CZ,-0.0
2578,HU,ES,CZ,-0.0
2579,HU,FL,CZ,-0.0
2580,HU,GB,CZ,-0.0
2581,HU,LT,CZ,-0.0
2582,HU,NL,CZ,-0.0
2583,HU,PL,CZ,-0.0
2584,HU,PT,CZ,-0.0
2585,HU,SE,CZ,-0.0
2586,HU,SI,CZ,-0.0
2587,HU,SK,CZ,0.0
2588,HU,DK,CZ,-0.0
2589,HU,FR,CZ,-0.0
2590,HU,GR,CZ,-0.0
2591,HU,HR,CZ,-0.0
2592,HU,IE,CZ,-0.0
2593,HU,LU,CZ,-0.0
2594,HU,NO,CZ,-0.0
2595,HU,RO,CZ,-0.0
2596,HU,AT,DE,0.0
2597,HU,BE,DE,-0.0
2598,HU,BG,DE,-0.0
2599,HU,CZ,DE,-0.0
2600,HU,ES,DE,-0.0
2601,HU,FL,DE,-0.0
2602,HU,GB,DE,-0.0
2603,HU,LT,DE,-0.0
2604,HU,NL,DE,-0.0
2605,HU,PL,DE,-0.0
2606,HU,PT,DE,-0.0
2607,HU,SE,DE,-0.0
2608,HU,SI,DE,-0.0
2609,HU,SK,DE,-0.0
2610,HU,DK,DE,-0.0
2611,HU,FR,DE,-0.0
2612,HU,GR,DE,-0.0
2613,HU,HR,DE,-0.0
2614,HU,IE,DE,-0.0
2615,HU,LU,DE,-0.0
2616,HU,NO,DE,-0.0
2617,HU,RO,DE,-0.0
2618,HU,AT,LU,0.0
2619,HU,BE,LU,-0.0
2620,HU,BG,LU,-0.0
2621,HU,CZ,LU,0.0
2622,HU,DE,LU,-0.0
2623,HU,ES,LU,-0.0
2624,HU,FL,LU,-0.0
2625,HU,GB,LU,-0.0
2626,HU,LT,LU,-0.0
2627,HU,NL,LU,-0.0
2628,HU,PL,LU,1.0
2629,HU,PT,LU,-0.0
2630,HU,SE,LU,-0.0
2631,HU,SI,LU,-0.0
2632,HU,SK,LU,-0.0
2633,HU,DK,LU,-0.0
2634,HU,FR,LU,-0.0
2635,HU,GR,LU,-0.0
2636,HU,HR,LU,-0.0
2637,HU,IE,LU,-0.0
2638,HU,NO,LU,-0.0
2639,HU,RO,LU,-0.0
2640,HU,AT,NL,0.0
2641,HU,BE,NL,-0.0
2642,HU,BG,NL,-0.0
2643,HU,CZ,NL,0.0
2644,HU,DE,NL,1.0
2645,HU,ES,NL,-0.0
2646,HU,FL,NL,-0.0
2647,HU,GB,NL,-0.0
2648,HU,LT,NL,-0.0
2649,HU,PL,NL,-0.0
2650,HU,PT,NL,-0.0
2651,HU,SE,NL,-0.0
2652,HU,SI,NL,0.0
2653,HU,SK,NL,-0.0
2654,HU,DK,NL,-0.0
2655,HU,FR,NL,-0.0
2656,HU,GR,NL,-0.0
2657,HU,HR,NL,-0.0
2658,HU,IE,NL,-0.0
2659,HU,LU,NL,-0.0
2660,HU,NO,NL,-0.0
2661,HU,RO,NL,-0.0
2662,HU,AT,PL,0.0
2663,HU,BE,PL,-0.0
2664,HU,BG,PL,-0.0
2665,HU,CZ,PL,0.0
2666,HU,DE,PL,-0.0
2667,HU,ES,PL,-0.0
2668,HU,FL,PL,-0.0
2669,HU,GB,PL,-0.0
2670,HU,LT,PL,-0.0
2671,HU,NL,PL,-0.0
2672,HU,PT,PL,-0.0
2673,HU,SE,PL,-0.0
2674,HU,SI,PL,-0.0
2675,HU,SK,PL,0.0
2676,HU,DK,PL,-0.0
2677,HU,FR,PL,-0.0
2678,HU,GR,PL,-0.0
2679,HU,HR,PL,-0.0
2680,HU,IE,PL,-0.0
2681,HU,LU,PL,-0.0
2682,HU,NO,PL,-0.0
2683,HU,RO,PL,-0.0
2684,HU,AT,SI,1.0
2685,HU,BE,SI,-0.0
2686,HU,BG,SI,-0.0
2687,HU,CZ,SI,0.0
2688,HU,DE,SI,0.0
2689,HU,ES,SI,-0.0
2690,HU,FL,SI,-0.0
2691,HU,GB,SI,-0.0
2692,HU,LT,SI,-0.0
2693,HU,NL,SI,-0.0
2694,HU,PL,SI,0.0
2695,HU,PT,SI,-0.0
2696,HU,SE,SI,-0.0
2697,HU,SK,SI,-0.0
2698,HU,DK,SI,-0.0
2699,HU,FR,SI,-0.0
2700,HU,GR,SI,-0.0
2701,HU,HR,SI,-0.0
2702,HU,IE,SI,-0.0
2703,HU,LU,SI,-0.0
2704,HU,NO,SI,-0.0
2705,HU,RO,SI,-0.0
2706,HU,AT,SK,0.0
2707,HU,BE,SK,-0.0
2708,HU,BG,SK,-0.0
2709,HU,CZ,SK,-0.0
2710,HU,DE,SK,-0.0
2711,HU,ES,SK,-0.0
2712,HU,FL,SK,-0.0
2713,HU,GB,SK,-0.0
2714,HU,LT,SK,-0.0
2715,HU,NL,SK,-0.0
2716,HU,PL,SK,-0.0
2717,HU,PT,SK,-0.0
2718,HU,SE,SK,-0.0
2719,HU,SI,SK,-0.0
2720,HU,DK,SK,-0.0
2721,HU,FR,SK,-0.0
2722,HU,GR,SK,-0.0
2723,HU,HR,SK,-0.0
2724,HU,IE,SK,-0.0
2725,HU,LU,SK,-0.0
2726,HU,NO,SK,-0.0
2727,HU,RO,SK,-0.0
2728,LT,AT,SE,0.0
2729,LT,BE,SE,-0.0
2730,LT,BG,SE,-0.0
2731,LT,CZ,SE,-0.0
2732,LT,DE,SE,-0.0
2733,LT,ES,SE,-0.0
2734,LT,FL,SE,1.0
2735,LT,GB,SE,-0.0
2736,LT,HU,SE,-0.0
2737,LT,NL,SE,-0.0
2738,LT,PL,SE,-0.0
2739,LT,PT,SE,-0.0
2740,LT,SI,SE,-0.0
2741,LT,SK,SE,-0.0
2742,LT,DK,SE,-0.0
2743,LT,FR,SE,-0.0
2744,LT,GR,SE,-0.0
2745,LT,HR,SE,-0.0
2746,LT,IE,SE,-0.0
2747,LT,LU,SE,-0.0
2748,LT,NO,SE,-0.0
2749,LT,RO,SE,-0.0
2750,NL,BE,AT,-0.0
2751,NL,BG,AT,-0.0
2752,NL,CZ,AT,0.0
2753,NL,DE,AT,0.0
2754,NL,ES,AT,-0.0
2755,NL,FL,AT,-0.0
2756,NL,GB,AT,-0.0
2757,NL,HU,AT,-0.0
2758,NL,LT,AT,-0.0
2759,NL,PL,AT,-0.0
2760,NL,PT,AT,-0.0
2761,NL,SE,AT,-0.0
2762,NL,SI,AT,-0.0
2763,NL,SK,AT,-0.0
2764,NL,DK,AT,-0.0
2765,NL,FR,AT,-0.0
2766,NL,GR,AT,-0.0
2767,NL,HR,AT,-0.0
2768,NL,IE,AT,-0.0
2769,NL,LU,AT,-0.0
2770,NL,NO,AT,-0.0
2771,NL,RO,AT,-0.0
2772,NL,AT,BG,1.0
2773,NL,BE,BG,0.0
2774,NL,CZ,BG,0.0
2775,NL,DE,BG,0.0
2776,NL,ES,BG,-0.0
2777,NL,FL,BG,-0.0
2778,NL,GB,BG,-0.0
2779,NL,HU,BG,-0.0
2780,NL,LT,BG,-0.0
2781,NL,PL,BG,0.0
2782,NL,PT,BG,-0.0
2783,NL,SE,BG,-0.0
2784,NL,SI,BG,0.0
2785,NL,SK,BG,0.0
2786,NL,DK,BG,-0.0
2787,NL,FR,BG,-0.0
2788,NL,GR,BG,-0.0
2789,NL,HR,BG,-0.0
2790,NL,IE,BG,-0.0
2791,NL,LU,BG,-0.0
2792,NL,NO,BG,-0.0
2793,NL,RO,BG,0.0
2794,NL,AT,CZ,0.0
2795,NL,BE,CZ,-0.0
2796,NL,BG,CZ,-0.0
2797,NL,DE,CZ,-0.0
2798,NL,ES,CZ,-0.0
2799,NL,FL,CZ,-0.0
2800,NL,GB,CZ,-0.0
2801,NL,HU,CZ,-0.0
2802,NL,LT,CZ,-0.0
2803,NL,PL,CZ,-0.0
2804,NL,PT,CZ,-0.0
2805,NL,SE,CZ,-0.0
2806,NL,SI,CZ,-0.0
2807,NL,SK,CZ,-0.0
2808,NL,DK,CZ,-0.0
2809,NL,FR,CZ,-0.0
2810,NL,GR,CZ,-0.0
2811,NL,HR,CZ,-0.0
2812,NL,IE,CZ,-0.0
2813,NL,LU,CZ,-0.0
2814,NL,NO,CZ,-0.0
2815,NL,RO,CZ,-0.0
2816,NL,AT,DE,0.0
2817,NL,BE,DE,-0.0
2818,NL,BG,DE,-0.0
2819,NL,CZ,DE,-0.0
2820,NL,ES,DE,-0.0
2821,NL,FL,DE,-0.0
2822,NL,GB,DE,-0.0
2823,NL,HU,DE,-0.0
2824,NL,LT,DE,-0.0
2825,NL,PL,DE,-0.0
2826,NL,PT,DE,-0.0
2827,NL,SE,DE,-0.0
2828,NL,SI,DE,-0.0
2829,NL,SK,DE,-0.0
2830,NL,DK,DE,-0.0
2831,NL,FR,DE,-0.0
2832,NL,GR,DE,-0.0
2833,NL,HR,DE,-0.0
2834,NL,IE,DE,-0.0
2835,NL,LU,DE,-0.0
2836,NL,NO,DE,-0.0
2837,NL,RO,DE,-0.0
2838,NL,AT,DK,-0.0
2839,NL,BE,DK,-0.0
2840,NL,BG,DK,-0.0
2841,NL,CZ,DK,-0.0
2842,NL,DE,DK,0.0
2843,NL,ES,DK,-0.0
2844,NL,FL,DK,-0.0
2845,NL,GB,DK,-0.0
2846,NL,HU,DK,-0.0
2847,NL,LT,DK,-0.0
2848,NL,PL,DK,-0.0
2849,NL,PT,DK,-0.0
2850,NL,SE,DK,-0.0
2851,NL,SI,DK,-0.0
2852,NL,SK,DK,-0.0
2853,NL,FR,DK,-0.0
2854,NL,GR,DK,-0.0
2855,NL,HR,DK,-0.0
2856,NL,IE,DK,-0.0
2857,NL,LU,DK,-0.0
2858,NL,NO,DK,-0.0
2859,NL,RO,DK,-0.0
2860,NL,AT,ES,0.0
2861,NL,BE,ES,-0.0
2862,NL,BG,ES,-0.0
2863,NL,CZ,ES,-0.0
2864,NL,DE,ES,-0.0
2865,NL,FL,ES,-0.0
2866,NL,GB,ES,-0.0
2867,NL,HU,ES,-0.0
2868,NL,LT,ES,-0.0
2869,NL,PL,ES,-0.0
2870,NL,PT,ES,-0.0
2871,NL,SE,ES,-0.0
2872,NL,SI,ES,-0.0
2873,NL,SK,ES,-0.0
2874,NL,DK,ES,-0.0
2875,NL,FR,ES,-0.0
2876,NL,GR,ES,-0.0
2877,NL,HR,ES,-0.0
2878,NL,IE,ES,-0.0
2879,NL,LU,ES,-0.0
2880,NL,NO,ES,-0.0
2881,NL,RO,ES,-0.0
2882,NL,AT,FL,0.0
2883,NL,BE,FL,-0.0
2884,NL,BG,FL,-0.0
2885,NL,CZ,FL,-0.0
2886,NL,DE,FL,-0.0
2887,NL,ES,FL,-0.0
2888,NL,GB,FL,-0.0
2889,NL,HU,FL,-0.0
2890,NL,LT,FL,-0.0
2891,NL,PL,FL,-0.0
2892,NL,PT,FL,-0.0
2893,NL,SE,FL,0.0
2894,NL,SI,FL,-0.0
2895,NL,SK,FL,-0.0
2896,NL,DK,FL,0.0
2897,NL,FR,FL,-0.0
2898,NL,GR,FL,-0.0
2899,NL,HR,FL,-0.0
2900,NL,IE,FL,-0.0
2901,NL,LU,FL,-0.0
2902,NL,NO,FL,-0.0
2903,NL,RO,FL,-0.0
2904,NL,AT,FR,-0.0
2905,NL,BE,FR,-0.0
2906,NL,BG,FR,-0.0
2907,NL,CZ,FR,-0.0
2908,NL,DE,FR,-0.0
2909,NL,ES,FR,-0.0
2910,NL,FL,FR,-0.0
2911,NL,GB,FR,-0.0
2912,NL,HU,FR,-0.0
2913,NL,LT,FR,-0.0
2914,NL,PL,FR,-0.0
2915,NL,PT,FR,-0.0
2916,NL,SE,FR,-0.0
2917,NL,SI,FR,-0.0
2918,NL,SK,FR,-0.0
2919,NL,DK,FR,-0.0
2920,NL,GR,FR,-0.0
2921,NL,HR,FR,-0.0
2922,NL,IE,FR,-0.0
2923,NL,LU,FR,-0.0
2924,NL,NO,FR,-0.0
2925,NL,RO,FR,-0.0
2926,NL,AT,GB,0.0
2927,NL,BE,GB,-0.0
2928,NL,BG,GB,-0.0
2929,NL,CZ,GB,-0.0
2930,NL,DE,GB,-0.0
2931,NL,ES,GB,-0.0
2932,NL,FL,GB,-0.0
2933,NL,HU,GB,-0.0
2934,NL,LT,GB,-0.0
2935,NL,PL,GB,-0.0
2936,NL,PT,GB,-0.0
2937,NL,SE,GB,-0.0
2938,NL,SI,GB,-0.0
2939,NL,SK,GB,-0.0
2940,NL,DK,GB,-0.0
2941,NL,FR,GB,-0.0
2942,NL,GR,GB,-0.0
2943,NL,HR,GB,-0.0
2944,NL,IE,GB,-0.0
2945,NL,LU,GB,-0.0
2946,NL,NO,GB,-0.0
2947,NL,RO,GB,-0.0
2948,NL,AT,GR,0.0
2949,NL,BE,GR,0.0
2950,NL,BG,GR,0.0
2951,NL,CZ,GR,0.0
2952,NL,DE,GR,0.0
2953,NL,ES,GR,-0.0
2954,NL,FL,GR,-0.0
2955,NL,GB,GR,-0.0
2956,NL,HU,GR,0.0
2957,NL,LT,GR,-0.0
2958,NL,PL,GR,-0.0
2959,NL,PT,GR,-0.0
2960,NL,SE,GR,-0.0
2961,NL,SI,GR,-0.0
2962,NL,SK,GR,-0.0
2963,NL,DK,GR,-0.0
2964,NL,FR,GR,-0.0
2965,NL,HR,GR,-0.0
2966,NL,IE,GR,-0.0
2967,NL,LU,GR,-0.0
2968,NL,NO,GR,-0.0
2969,NL,RO,GR,-0.0
2970,NL,AT,HR,1.0
2971,NL,BE,HR,-0.0
2972,NL,BG,HR,-0.0
2973,NL,CZ,HR,0.0
2974,NL,DE,HR,0.0
2975,NL,ES,HR,-0.0
2976,NL,FL,HR,-0.0
2977,NL,GB,HR,-0.0
2978,NL,HU,HR,-0.0
2979,NL,LT,HR,-0.0
2980,NL,PL,HR,-0.0
2981,NL,PT,HR,-0.0
2982,NL,SE,HR,-0.0
2983,NL,SI,HR,0.0
2984,NL,SK,HR,-0.0
2985,NL,DK,HR,-0.0
2986,NL,FR,HR,-0.0
2987,NL,GR,HR,-0.0
2988,NL,IE,HR,-0.0
2989,NL,LU,HR,-0.0
2990,NL,NO,HR,-0.0
2991,NL,RO,HR,-0.0
2992,NL,AT,HU,0.0
2993,NL,BE,HU,-0.0
2994,NL,BG,HU,-0.0
2995,NL,CZ,HU,-0.0
2996,NL,DE,HU,-0.0
2997,NL,ES,HU,-0.0
2998,NL,FL,HU,-0.0
2999,NL,GB,HU,-0.0
3000,NL,LT,HU,-0.0
3001,NL,PL,HU,-0.0
3002,NL,PT,HU,-0.0
3003,NL,SE,HU,-0.0
3004,NL,SI,HU,-0.0
3005,NL,SK,HU,-0.0
3006,NL,DK,HU,-0.0
3007,NL,FR,HU,-0.0
3008,NL,GR,HU,-0.0
3009,NL,HR,HU,-0.0
3010,NL,IE,HU,-0.0
3011,NL,LU,HU,-0.0
3012,NL,NO,HU,-0.0
3013,NL,RO,HU,-0.0
3014,NL,AT,IE,0.0
3015,NL,BE,IE,-0.0
3016,NL,BG,IE,-0.0
3017,NL,CZ,IE,-0.0
3018,NL,DE,IE,-0.0
3019,NL,ES,IE,-0.0
3020,NL,FL,IE,-0.0
3021,NL,GB,IE,-0.0
3022,NL,HU,IE,-0.0
3023,NL,LT,IE,-0.0
3024,NL,PL,IE,-0.0
3025,NL,PT,IE,-0.0
3026,NL,SE,IE,-0.0
3027,NL,SI,IE,-0.0
3028,NL,SK,IE,-0.0
3029,NL,DK,IE,-0.0
3030,NL,FR,IE,-0.0
3031,NL,GR,IE,-0.0
3032,NL,HR,IE,-0.0
3033,NL,LU,IE,-0.0
3034,NL,NO,IE,-0.0
3035,NL,RO,IE,-0.0
3036,NL,AT,LT,-0.0
3037,NL,BE,LT,-0.0
3038,NL,BG,LT,-0.0
3039,NL,CZ,LT,-0.0
3040,NL,DE,LT,0.0
3041,NL,ES,LT,-0.0
3042,NL,FL,LT,-0.0
3043,NL,GB,LT,-0.0
3044,NL,HU,LT,-0.0
3045,NL,PL,LT,0.0
3046,NL,PT,LT,-0.0
3047,NL,SE,LT,-0.0
3048,NL,SI,LT,-0.0
3049,NL,SK,LT,-0.0
3050,NL,DK,LT,-0.0
3051,NL,FR,LT,-0.0
3052,NL,GR,LT,-0.0
3053,NL,HR,LT,-0.0
3054,NL,IE,LT,-0.0
3055,NL,LU,LT,-0.0
3056,NL,NO,LT,-0.0
3057,NL,RO,LT,-0.0
3058,NL,AT,PL,0.0
3059,NL,BE,PL,-0.0
3060,NL,BG,PL,-0.0
3061,NL,CZ,PL,-0.0
3062,NL,DE,PL,-0.0
3063,NL,ES,PL,-0.0
3064,NL,FL,PL,-0.0
3065,NL,GB,PL,-0.0
3066,NL,HU,PL,-0.0
3067,NL,LT,PL,-0.0
3068,NL,PT,PL,-0.0
3069,NL,SE,PL,-0.0
3070,NL,SI,PL,-0.0
3071,NL,SK,PL,-0.0
3072,NL,DK,PL,-0.0
3073,NL,FR,PL,-0.0
3074,NL,GR,PL,-0.0
3075,NL,HR,PL,-0.0
3076,NL,IE,PL,-0.0
3077,NL,LU,PL,-0.0
3078,NL,NO,PL,-0.0
3079,NL,RO,PL,-0.0
3080,NL,AT,PT,-0.0
3081,NL,BE,PT,-0.0
3082,NL,BG,PT,-0.0
3083,NL,CZ,PT,-0.0
3084,NL,DE,PT,-0.0
3085,NL,ES,PT,-0.0
3086,NL,FL,PT,-0.0
3087,NL,GB,PT,-0.0
3088,NL,HU,PT,-0.0
3089,NL,LT,PT,-0.0
3090,NL,PL,PT,-0.0
3091,NL,SE,PT,-0.0
3092,NL,SI,PT,-0.0
3093,NL,SK,PT,-0.0
3094,NL,DK,PT,-0.0
3095,NL,FR,PT,-0.0
3096,NL,GR,PT,-0.0
3097,NL,HR,PT,-0.0
3098,NL,IE,PT,-0.0
3099,NL,LU,PT,-0.0
3100,NL,NO,PT,-0.0
3101,NL,RO,PT,-0.0
3102,NL,AT,RO,1.0
3103,NL,BE,RO,-0.0
3104,NL,BG,RO,-0.0
3105,NL,CZ,RO,0.0
3106,NL,DE,RO,-0.0
3107,NL,ES,RO,-0.0
3108,NL,FL,RO,-0.0
3109,NL,GB,RO,-0.0
3110,NL,HU,RO,-0.0
3111,NL,LT,RO,-0.0
3112,NL,PL,RO,-0.0
3113,NL,PT,RO,-0.0
3114,NL,SE,RO,-0.0
3115,NL,SI,RO,-0.0
3116,NL,SK,RO,-0.0
3117,NL,DK,RO,-0.0
3118,NL,FR,RO,-0.0
3119,NL,GR,RO,-0.0
3120,NL,HR,RO,-0.0
3121,NL,IE,RO,-0.0
3122,NL,LU,RO,-0.0
3123,NL,NO,RO,-0.0
3124,NL,AT,SE,0.0
3125,NL,BE,SE,-0.0
3126,NL,BG,SE,-0.0
3127,NL,CZ,SE,-0.0
3128,NL,DE,SE,-0.0
3129,NL,ES,SE,-0.0
3130,NL,FL,SE,-0.0
3131,NL,GB,SE,-0.0
3132,NL,HU,SE,-0.0
3133,NL,LT,SE,-0.0
3134,NL,PL,SE,-0.0
3135,NL,PT,SE,-0.0
3136,NL,SI,SE,-0.0
3137,NL,SK,SE,-0.0
3138,NL,DK,SE,-0.0
3139,NL,FR,SE,-0.0
3140,NL,GR,SE,-0.0
3141,NL,HR,SE,-0.0
3142,NL,IE,SE,-0.0
3143,NL,LU,SE,-0.0
3144,NL,NO,SE,-0.0
3145,NL,RO,SE,-0.0
3146,NL,AT,SI,-0.0
3147,NL,BE,SI,-0.0
3148,NL,BG,SI,-0.0
3149,NL,CZ,SI,-0.0
3150,NL,DE,SI,0.0
3151,NL,ES,SI,-0.0
3152,NL,FL,SI,-0.0
3153,NL,GB,SI,-0.0
3154,NL,HU,SI,-0.0
3155,NL,LT,SI,-0.0
3156,NL,PL,SI,-0.0
3157,NL,PT,SI,-0.0
3158,NL,SE,SI,-0.0
3159,NL,SK,SI,-0.0
3160,NL,DK,SI,-0.0
3161,NL,FR,SI,-0.0
3162,NL,GR,SI,-0.0
3163,NL,HR,SI,-0.0
3164,NL,IE,SI,-0.0
3165,NL,LU,SI,-0.0
3166,NL,NO,SI,-0.0
3167,NL,RO,SI,-0.0
3168,NL,AT,SK,0.0
3169,NL,BE,SK,-0.0
3170,NL,BG,SK,-0.0
3171,NL,CZ,SK,-0.0
3172,NL,DE,SK,0.0
3173,NL,ES,SK,-0.0
3174,NL,FL,SK,-0.0
3175,NL,GB,SK,-0.0
3176,NL,HU,SK,-0.0
3177,NL,LT,SK,-0.0
3178,NL,PL,SK,-0.0
3179,NL,PT,SK,-0.0
3180,NL,SE,SK,-0.0
3181,NL,SI,SK,-0.0
3182,NL,DK,SK,-0.0
3183,NL,FR,SK,-0.0
3184,NL,GR,SK,-0.0
3185,NL,HR,SK,-0.0
3186,NL,IE,SK,-0.0
3187,NL,LU,SK,-0.0
3188,NL,NO,SK,-0.0
3189,NL,RO,SK,-0.0
3190,PL,BE,AT,-0.0
3191,PL,BG,AT,-0.0
3192,PL,CZ,AT,0.0
3193,PL,DE,AT,0.0
3194,PL,ES,AT,-0.0
3195,PL,FL,AT,-0.0
3196,PL,GB,AT,-0.0
3197,PL,HU,AT,-0.0
3198,PL,LT,AT,-0.0
3199,PL,NL,AT,-0.0
3200,PL,PT,AT,-0.0
3201,PL,SE,AT,-0.0
3202,PL,SI,AT,-0.0
3203,PL,SK,AT,-0.0
3204,PL,DK,AT,-0.0
3205,PL,FR,AT,-0.0
3206,PL,GR,AT,-0.0
3207,PL,HR,AT,-0.0
3208,PL,IE,AT,-0.0
3209,PL,LU,AT,-0.0
3210,PL,NO,AT,-0.0
3211,PL,RO,AT,-0.0
3212,PL,AT,BE,0.0
3213,PL,BG,BE,-0.0
3214,PL,CZ,BE,-0.0
3215,PL,DE,BE,-0.0
3216,PL,ES,BE,-0.0
3217,PL,FL,BE,-0.0
3218,PL,GB,BE,-0.0
3219,PL,HU,BE,-0.0
3220,PL,LT,BE,-0.0
3221,PL,NL,BE,-0.0
3222,PL,PT,BE,-0.0
3223,PL,SE,BE,-0.0
3224,PL,SI,BE,-0.0
3225,PL,SK,BE,-0.0
3226,PL,DK,BE,-0.0
3227,PL,FR,BE,-0.0
3228,PL,GR,BE,-0.0
3229,PL,HR,BE,-0.0
3230,PL,IE,BE,-0.0
3231,PL,LU,BE,-0.0
3232,PL,NO,BE,-0.0
3233,PL,RO,BE,-0.0
3234,PL,AT,BG,0.0
3235,PL,BE,BG,-0.0
3236,PL,CZ,BG,-0.0
3237,PL,DE,BG,-0.0
3238,PL,ES,BG,-0.0
3239,PL,FL,BG,-0.0
3240,PL,GB,BG,-0.0
3241,PL,HU,BG,-0.0
3242,PL,LT,BG,-0.0
3243,PL,NL,BG,-0.0
3244,PL,PT,BG,-0.0
3245,PL,SE,BG,-0.0
3246,PL,SI,BG,-0.0
3247,PL,SK,BG,-0.0
3248,PL,DK,BG,-0.0
3249,PL,FR,BG,-0.0
3250,PL,GR,BG,-0.0
3251,PL,HR,BG,-0.0
3252,PL,IE,BG,-0.0
3253,PL,LU,BG,-0.0
3254,PL,NO,BG,-0.0
3255,PL,RO,BG,-0.0
3256,PL,AT,CZ,0.0
3257,PL,BE,CZ,-0.0
3258,PL,BG,CZ,-0.0
3259,PL,DE,CZ,-0.0
3260,PL,ES,CZ,-0.0
3261,PL,FL,CZ,-0.0
3262,PL,GB,CZ,-0.0
3263,PL,HU,CZ,-0.0
3264,PL,LT,CZ,-0.0
3265,PL,NL,CZ,-0.0
3266,PL,PT,CZ,-0.0
3267,PL,SE,CZ,-0.0
3268,PL,SI,CZ,-0.0
3269,PL,SK,CZ,-0.0
3270,PL,DK,CZ,-0.0
3271,PL,FR,CZ,-0.0
3272,PL,GR,CZ,-0.0
3273,PL,HR,CZ,-0.0
3274,PL,IE,CZ,-0.0
3275,PL,LU,CZ,-0.0
3276,PL,NO,CZ,-0.0
3277,PL,RO,CZ,-0.0
3278,PL,AT,DE,0.0
3279,PL,BE,DE,-0.0
3280,PL,BG,DE,-0.0
3281,PL,CZ,DE,-0.0
3282,PL,ES,DE,-0.0
3283,PL,FL,DE,-0.0
3284,PL,GB,DE,-0.0
3285,PL,HU,DE,-0.0
3286,PL,LT,DE,-0.0
3287,PL,NL,DE,-0.0
3288,PL,PT,DE,-0.0
3289,PL,SE,DE,-0.0
3290,PL,SI,DE,-0.0
3291,PL,SK,DE,-0.0
3292,PL,DK,DE,-0.0
3293,PL,FR,DE,-0.0
3294,PL,GR,DE,-0.0
3295,PL,HR,DE,-0.0
3296,PL,IE,DE,-0.0
3297,PL,LU,DE,-0.0
3298,PL,NO,DE,-0.0
3299,PL,RO,DE,-0.0
3300,PL,AT,DK,0.0
3301,PL,BE,DK,-0.0
3302,PL,BG,DK,-0.0
3303,PL,CZ,DK,-0.0
3304,PL,DE,DK,-0.0
3305,PL,ES,DK,-0.0
3306,PL,FL,DK,-0.0
3307,PL,GB,DK,-0.0
3308,PL,HU,DK,-0.0
3309,PL,LT,DK,-0.0
3310,PL,NL,DK,-0.0
3311,PL,PT,DK,-0.0
3312,PL,SE,DK,-0.0
3313,PL,SI,DK,-0.0
3314,PL,SK,DK,-0.0
3315,PL,FR,DK,-0.0
3316,PL,GR,DK,-0.0
3317,PL,HR,DK,-0.0
3318,PL,IE,DK,-0.0
3319,PL,LU,DK,-0.0
3320,PL,NO,DK,-0.0
3321,PL,RO,DK,-0.0
3322,PL,AT,ES,0.0
3323,PL,BE,ES,-0.0
3324,PL,BG,ES,-0.0
3325,PL,CZ,ES,-0.0
3326,PL,DE,ES,-0.0
3327,PL,FL,ES,-0.0
3328,PL,GB,ES,-0.0
3329,PL,HU,ES,-0.0
3330,PL,LT,ES,-0.0
3331,PL,NL,ES,-0.0
3332,PL,PT,ES,-0.0
3333,PL,SE,ES,-0.0
3334,PL,SI,ES,-0.0
3335,PL,SK,ES,-0.0
3336,PL,DK,ES,-0.0
3337,PL,FR,ES,-0.0
3338,PL,GR,ES,-0.0
3339,PL,HR,ES,-0.0
3340,PL,IE,ES,-0.0
3341,PL,LU,ES,-0.0
3342,PL,NO,ES,-0.0
3343,PL,RO,ES,-0.0
3344,PL,AT,FL,0.0
3345,PL,BE,FL,-0.0
3346,PL,BG,FL,-0.0
3347,PL,CZ,FL,-0.0
3348,PL,DE,FL,-0.0
3349,PL,ES,FL,-0.0
3350,PL,GB,FL,-0.0
3351,PL,HU,FL,-0.0
3352,PL,LT,FL,-0.0
3353,PL,NL,FL,-0.0
3354,PL,PT,FL,-0.0
3355,PL,SE,FL,-0.0
3356,PL,SI,FL,-0.0
3357,PL,SK,FL,-0.0
3358,PL,DK,FL,-0.0
3359,PL,FR,FL,-0.0
3360,PL,GR,FL,-0.0
3361,PL,HR,FL,-0.0
3362,PL,IE,FL,-0.0
3363,PL,LU,FL,-0.0
3364,PL,NO,FL,-0.0
3365,PL,RO,FL,-0.0
3366,PL,AT,GB,0.0
3367,PL,BE,GB,-0.0
3368,PL,BG,GB,-0.0
3369,PL,CZ,GB,-0.0
3370,PL,DE,GB,-0.0
3371,PL,ES,GB,-0.0
3372,PL,FL,GB,-0.0
3373,PL,HU,GB,-0.0
3374,PL,LT,GB,-0.0
3375,PL,NL,GB,-0.0
3376,PL,PT,GB,-0.0
3377,PL,SE,GB,-0.0
3378,PL,SI,GB,-0.0
3379,PL,SK,GB,-0.0
3380,PL,DK,GB,-0.0
3381,PL,FR,GB,-0.0
3382,PL,GR,GB,-0.0
3383,PL,HR,GB,-0.0
3384,PL,IE,GB,-0.0
3385,PL,LU,GB,-0.0
3386,PL,NO,GB,-0.0
3387,PL,RO,GB,-0.0
3388,PL,AT,HR,0.0
3389,PL,BE,HR,-0.0
3390,PL,BG,HR,-0.0
3391,PL,CZ,HR,-0.0
3392,PL,DE,HR,-0.0
3393,PL,ES,HR,-0.0
3394,PL,FL,HR,-0.0
3395,PL,GB,HR,-0.0
3396,PL,HU,HR,-0.0
3397,PL,LT,HR,-0.0
3398,PL,NL,HR,-0.0
3399,PL,PT,HR,-0.0
3400,PL,SE,HR,-0.0
3401,PL,SI,HR,-0.0
3402,PL,SK,HR,-0.0
3403,PL,DK,HR,-0.0
3404,PL,FR,HR,-0.0
3405,PL,GR,HR,-0.0
3406,PL,IE,HR,-0.0
3407,PL,LU,HR,-0.0
3408,PL,NO,HR,-0.0
3409,PL,RO,HR,-0.0
3410,PL,AT,HU,0.0
3411,PL,BE,HU,-0.0
3412,PL,BG,HU,-0.0
3413,PL,CZ,HU,-0.0
3414,PL,DE,HU,-0.0
3415,PL,ES,HU,-0.0
3416,PL,FL,HU,-0.0
3417,PL,GB,HU,-0.0
3418,PL,LT,HU,-0.0
3419,PL,NL,HU,-0.0
3420,PL,PT,HU,-0.0
3421,PL,SE,HU,-0.0
3422,PL,SI,HU,-0.0
3423,PL,SK,HU,-0.0
3424,PL,DK,HU,-0.0
3425,PL,FR,HU,-0.0
3426,PL,GR,HU,-0.0
3427,PL,HR,HU,-0.0
3428,PL,IE,HU,-0.0
3429,PL,LU,HU,-0.0
3430,PL,NO,HU,-0.0
3431,PL,RO,HU,-0.0
3432,PL,AT,IE,0.0
3433,PL,BE,IE,-0.0
3434,PL,BG,IE,-0.0
3435,PL,CZ,IE,-0.0
3436,PL,DE,IE,-0.0
3437,PL,ES,IE,-0.0
3438,PL,FL,IE,-0.0
3439,PL,GB,IE,-0.0
3440,PL,HU,IE,-0.0
3441,PL,LT,IE,-0.0
3442,PL,NL,IE,-0.0
3443,PL,PT,IE,-0.0
3444,PL,SE,IE,-0.0
3445,PL,SI,IE,-0.0
3446,PL,SK,IE,-0.0
3447,PL,DK,IE,-0.0
3448,PL,FR,IE,-0.0
3449,PL,GR,IE,-0.0
3450,PL,HR,IE,-0.0
3451,PL,LU,IE,-0.0
3452,PL,NO,IE,-0.0
3453,PL,RO,IE,-0.0
3454,PL,AT,LT,0.0
3455,PL,BE,LT,-0.0
3456,PL,BG,LT,-0.0
3457,PL,CZ,LT,-0.0
3458,PL,DE,LT,-0.0
3459,PL,ES,LT,-0.0
3460,PL,FL,LT,-0.0
3461,PL,GB,LT,-0.0
3462,PL,HU,LT,-0.0
3463,PL,NL,LT,-0.0
3464,PL,PT,LT,-0.0
3465,PL,SE,LT,-0.0
3466,PL,SI,LT,-0.0
3467,PL,SK,LT,-0.0
3468,PL,DK,LT,-0.0
3469,PL,FR,LT,-0.0
3470,PL,GR,LT,-0.0
3471,PL,HR,LT,-0.0
3472,PL,IE,LT,-0.0
3473,PL,LU,LT,-0.0
3474,PL,NO,LT,-0.0
3475,PL,RO,LT,-0.0
3476,PL,AT,LU,0.0
3477,PL,BE,LU,-0.0
3478,PL,BG,LU,-0.0
3479,PL,CZ,LU,-0.0
3480,PL,DE,LU,-0.0
3481,PL,ES,LU,-0.0
3482,PL,FL,LU,-0.0
3483,PL,GB,LU,-0.0
3484,PL,HU,LU,-0.0
3485,PL,LT,LU,-0.0
3486,PL,NL,LU,-0.0
3487,PL,PT,LU,-0.0
3488,PL,SE,LU,-0.0
3489,PL,SI,LU,-0.0
3490,PL,SK,LU,-0.0
3491,PL,DK,LU,-0.0
3492,PL,FR,LU,-0.0
3493,PL,GR,LU,-0.0
3494,PL,HR,LU,-0.0
3495,PL,IE,LU,-0.0
3496,PL,NO,LU,-0.0
3497,PL,RO,LU,-0.0
3498,PL,AT,NL,0.0
3499,PL,BE,NL,-0.0
3500,PL,BG,NL,-0.0
3501,PL,CZ,NL,-0.0
3502,PL,DE,NL,-0.0
3503,PL,ES,NL,-0.0
3504,PL,FL,NL,-0.0
3505,PL,GB,NL,-0.0
3506,PL,HU,NL,-0.0
3507,PL,LT,NL,-0.0
3508,PL,PT,NL,-0.0
3509,PL,SE,NL,-0.0
3510,PL,SI,NL,-0.0
3511,PL,SK,NL,-0.0
3512,PL,DK,NL,-0.0
3513,PL,FR,NL,-0.0
3514,PL,GR,NL,-0.0
3515,PL,HR,NL,-0.0
3516,PL,IE,NL,-0.0
3517,PL,LU,NL,-0.0
3518,PL,NO,NL,-0.0
3519,PL,RO,NL,-0.0
3520,PL,AT,PT,0.0
3521,PL,BE,PT,-0.0
3522,PL,BG,PT,-0.0
3523,PL,CZ,PT,-0.0
3524,PL,DE,PT,-0.0
3525,PL,ES,PT,-0.0
3526,PL,FL,PT,-0.0
3527,PL,GB,PT,-0.0
3528,PL,HU,PT,-0.0
3529,PL,LT,PT,-0.0
3530,PL,NL,PT,-0.0
3531,PL,SE,PT,-0.0
3532,PL,SI,PT,-0.0
3533,PL,SK,PT,-0.0
3534,PL,DK,PT,-0.0
3535,PL,FR,PT,-0.0
3536,PL,GR,PT,-0.0
3537,PL,HR,PT,-0.0
3538,PL,IE,PT,-0.0
3539,PL,LU,PT,-0.0
3540,PL,NO,PT,-0.0
3541,PL,RO,PT,-0.0
3542,PL,AT,RO,0.0
3543,PL,BE,RO,-0.0
3544,PL,BG,RO,-0.0
3545,PL,CZ,RO,-0.0
3546,PL,DE,RO,-0.0
3547,PL,ES,RO,-0.0
3548,PL,FL,RO,-0.0
3549,PL,GB,RO,-0.0
3550,PL,HU,RO,-0.0
3551,PL,LT,RO,-0.0
3552,PL,NL,RO,-0.0
3553,PL,PT,RO,-0.0
3554,PL,SE,RO,-0.0
3555,PL,SI,RO,-0.0
3556,PL,SK,RO,-0.0
3557,PL,DK,RO,-0.0
3558,PL,FR,RO,-0.0
3559,PL,GR,RO,-0.0
3560,PL,HR,RO,-0.0
3561,PL,IE,RO,-0.0
3562,PL,LU,RO,-0.0
3563,PL,NO,RO,-0.0
3564,PL,AT,SE,0.0
3565,PL,BE,SE,-0.0
3566,PL,BG,SE,-0.0
3567,PL,CZ,SE,-0.0
3568,PL,DE,SE,-0.0
3569,PL,ES,SE,-0.0
3570,PL,FL,SE,-0.0
3571,PL,GB,SE,-0.0
3572,PL,HU,SE,-0.0
3573,PL,LT,SE,-0.0
3574,PL,NL,SE,-0.0
3575,PL,PT,SE,-0.0
3576,PL,SI,SE,-0.0
3577,PL,SK,SE,-0.0
3578,PL,DK,SE,-0.0
3579,PL,FR,SE,-0.0
3580,PL,GR,SE,-0.0
3581,PL,HR,SE,-0.0
3582,PL,IE,SE,-0.0
3583,PL,LU,SE,-0.0
3584,PL,NO,SE,-0.0
3585,PL,RO,SE,-0.0
3586,PL,AT,SI,0.0
3587,PL,BE,SI,-0.0
3588,PL,BG,SI,-0.0
3589,PL,CZ,SI,-0.0
3590,PL,DE,SI,-0.0
3591,PL,ES,SI,-0.0
3592,PL,FL,SI,-0.0
3593,PL,GB,SI,-0.0
3594,PL,HU,SI,-0.0
3595,PL,LT,SI,-0.0
3596,PL,NL,SI,-0.0
3597,PL,PT,SI,-0.0
3598,PL,SE,SI,-0.0
3599,PL,SK,SI,-0.0
3600,PL,DK,SI,-0.0
3601,PL,FR,SI,-0.0
3602,PL,GR,SI,-0.0
3603,PL,HR,SI,-0.0
3604,PL,IE,SI,-0.0
3605,PL,LU,SI,-0.0
3606,PL,NO,SI,-0.0
3607,PL,RO,SI,-0.0
3608,PL,AT,SK,0.0
3609,PL,BE,SK,-0.0
3610,PL,BG,SK,-0.0
3611,PL,CZ,SK,-0.0
3612,PL,DE,SK,-0.0
3613,PL,ES,SK,-0.0
3614,PL,FL,SK,-0.0
3615,PL,GB,SK,-0.0
3616,PL,HU,SK,-0.0
3617,PL,LT,SK,-0.0
3618,PL,NL,SK,-0.0
3619,PL,PT,SK,-0.0
3620,PL,SE,SK,-0.0
3621,PL,SI,SK,-0.0
3622,PL,DK,SK,-0.0
3623,PL,FR,SK,-0.0
3624,PL,GR,SK,-0.0
3625,PL,HR,SK,-0.0
3626,PL,IE,SK,-0.0
3627,PL,LU,SK,-0.0
3628,PL,NO,SK,-0.0
3629,PL,RO,SK,-0.0
3630,PT,BE,AT,0.0
3631,PT,BG,AT,-0.0
3632,PT,CZ,AT,0.0
3633,PT,DE,AT,1.0
3634,PT,ES,AT,-0.0
3635,PT,FL,AT,-0.0
3636,PT,GB,AT,-0.0
3637,PT,HU,AT,-0.0
3638,PT,LT,AT,-0.0
3639,PT,NL,AT,-0.0
3640,PT,PL,AT,-0.0
3641,PT,SE,AT,-0.0
3642,PT,SI,AT,0.0
3643,PT,SK,AT,-0.0
3644,PT,DK,AT,-0.0
3645,PT,FR,AT,-0.0
3646,PT,GR,AT,-0.0
3647,PT,HR,AT,-0.0
3648,PT,IE,AT,-0.0
3649,PT,LU,AT,0.0
3650,PT,NO,AT,-0.0
3651,PT,RO,AT,-0.0
3652,PT,AT,BE,-0.0
3653,PT,BG,BE,0.0
3654,PT,CZ,BE,-0.0
3655,PT,DE,BE,0.0
3656,PT,ES,BE,-0.0
3657,PT,FL,BE,-0.0
3658,PT,GB,BE,0.0
3659,PT,HU,BE,-0.0
3660,PT,LT,BE,0.0
3661,PT,NL,BE,1.0
3662,PT,PL,BE,-0.0
3663,PT,SE,BE,-0.0
3664,PT,SI,BE,0.0
3665,PT,SK,BE,-0.0
3666,PT,DK,BE,0.0
3667,PT,FR,BE,0.0
3668,PT,GR,BE,0.0
3669,PT,HR,BE,0.0
3670,PT,IE,BE,-0.0
3671,PT,LU,BE,0.0
3672,PT,NO,BE,0.0
3673,PT,RO,BE,0.0
3674,PT,AT,BG,-0.0
3675,PT,BE,BG,0.0
3676,PT,CZ,BG,-0.0
3677,PT,DE,BG,1.0
3678,PT,ES,BG,-0.0
3679,PT,FL,BG,-0.0
3680,PT,GB,BG,-0.0
3681,PT,HU,BG,-0.0
3682,PT,LT,BG,0.0
3683,PT,NL,BG,-0.0
3684,PT,PL,BG,-0.0
3685,PT,SE,BG,-0.0
3686,PT,SI,BG,0.0
3687,PT,SK,BG,-0.0
3688,PT,DK,BG,0.0
3689,PT,FR,BG,0.0
3690,PT,GR,BG,0.0
3691,PT,HR,BG,0.0
3692,PT,IE,BG,-0.0
3693,PT,LU,BG,0.0
3694,PT,NO,BG,0.0
3695,PT,RO,BG,0.0
3696,PT,AT,CZ,0.0
3697,PT,BE,CZ,0.0
3698,PT,BG,CZ,-0.0
3699,PT,DE,CZ,0.0
3700,PT,ES,CZ,0.0
3701,PT,FL,CZ,-0.0
3702,PT,GB,CZ,0.0
3703,PT,HU,CZ,0.0
3704,PT,LT,CZ,-0.0
3705,PT,NL,CZ,1.0
3706,PT,PL,CZ,0.0
3707,PT,SE,CZ,-0.0
3708,PT,SI,CZ,0.0
3709,PT,SK,CZ,0.0
3710,PT,DK,CZ,0.0
3711,PT,FR,CZ,0.0
3712,PT,GR,CZ,-0.0
3713,PT,HR,CZ,-0.0
3714,PT,IE,CZ,-0.0
3715,PT,LU,CZ,-0.0
3716,PT,NO,CZ,-0.0
3717,PT,RO,CZ,-0.0
3718,PT,AT,DE,0.0
3719,PT,BE,DE,-0.0
3720,PT,BG,DE,-0.0
3721,PT,CZ,DE,-0.0
3722,PT,ES,DE,-0.0
3723,PT,FL,DE,-0.0
3724,PT,GB,DE,-0.0
3725,PT,HU,DE,-0.0
3726,PT,LT,DE,-0.0
3727,PT,NL,DE,-0.0
3728,PT,PL,DE,-0.0
3729,PT,SE,DE,-0.0
3730,PT,SI,DE,-0.0
3731,PT,SK,DE,-0.0
3732,PT,DK,DE,-0.0
3733,PT,FR,DE,-0.0
3734,PT,GR,DE,-0.0
3735,PT,HR,DE,-0.0
3736,PT,IE,DE,-0.0
3737,PT,LU,DE,-0.0
3738,PT,NO,DE,-0.0
3739,PT,RO,DE,-0.0
3740,PT,AT,DK,-0.0
3741,PT,BE,DK,0.0
3742,PT,BG,DK,0.0
3743,PT,CZ,DK,-0.0
3744,PT,DE,DK,0.0
3745,PT,ES,DK,-0.0
3746,PT,FL,DK,-0.0
3747,PT,GB,DK,-0.0
3748,PT,HU,DK,-0.0
3749,PT,LT,DK,0.0
3750,PT,NL,DK,1.0
3751,PT,PL,DK,0.0
3752,PT,SE,DK,0.0
3753,PT,SI,DK,0.0
3754,PT,SK,DK,-0.0
3755,PT,FR,DK,0.0
3756,PT,GR,DK,0.0
3757,PT,HR,DK,0.0
3758,PT,IE,DK,-0.0
3759,PT,LU,DK,0.0
3760,PT,NO,DK,0.0
3761,PT,RO,DK,0.0
3762,PT,AT,FL,-0.0
3763,PT,BE,FL,-0.0
3764,PT,BG,FL,-0.0
3765,PT,CZ,FL,0.0
3766,PT,DE,FL,0.0
3767,PT,ES,FL,0.0
3768,PT,GB,FL,-0.0
3769,PT,HU,FL,-0.0
3770,PT,LT,FL,0.0
3771,PT,NL,FL,1.0
3772,PT,PL,FL,0.0
3773,PT,SE,FL,-0.0
3774,PT,SI,FL,-0.0
3775,PT,SK,FL,-0.0
3776,PT,DK,FL,-0.0
3777,PT,FR,FL,0.0
3778,PT,GR,FL,-0.0
3779,PT,HR,FL,-0.0
3780,PT,IE,FL,-0.0
3781,PT,LU,FL,-0.0
3782,PT,NO,FL,-0.0
3783,PT,RO,FL,-0.0
3784,PT,AT,GB,-0.0
3785,PT,BE,GB,-0.0
3786,PT,BG,GB,-0.0
3787,PT,CZ,GB,-0.0
3788,PT,DE,GB,-0.0
3789,PT,ES,GB,-0.0
3790,PT,FL,GB,-0.0
3791,PT,HU,GB,-0.0
3792,PT,LT,GB,-0.0
3793,PT,NL,GB,-0.0
3794,PT,PL,GB,-0.0
3795,PT,SE,GB,-0.0
3796,PT,SI,GB,-0.0
3797,PT,SK,GB,-0.0
3798,PT,DK,GB,-0.0
3799,PT,FR,GB,-0.0
3800,PT,GR,GB,-0.0
3801,PT,HR,GB,-0.0
3802,PT,IE,GB,-0.0
3803,PT,LU,GB,-0.0
3804,PT,NO,GB,-0.0
3805,PT,RO,GB,-0.0
3806,PT,AT,GR,0.0
3807,PT,BE,GR,0.0
3808,PT,BG,GR,0.0
3809,PT,CZ,GR,-0.0
3810,PT,DE,GR,-0.0
3811,PT,ES,GR,0.0
3812,PT,FL,GR,-0.0
3813,PT,GB,GR,-0.0
3814,PT,HU,GR,0.0
3815,PT,LT,GR,0.0
3816,PT,NL,GR,1.0
3817,PT,PL,GR,-0.0
3818,PT,SE,GR,-0.0
3819,PT,SI,GR,0.0
3820,PT,SK,GR,-0.0
3821,PT,DK,GR,0.0
3822,PT,FR,GR,0.0
3823,PT,HR,GR,0.0
3824,PT,IE,GR,-0.0
3825,PT,LU,GR,0.0
3826,PT,NO,GR,0.0
3827,PT,RO,GR,0.0
3828,PT,AT,HR,-0.0
3829,PT,BE,HR,0.0
3830,PT,BG,HR,0.0
3831,PT,CZ,HR,-0.0
3832,PT,DE,HR,1.0
3833,PT,ES,HR,-0.0
3834,PT,FL,HR,-0.0
3835,PT,GB,HR,-0.0
3836,PT,HU,HR,-0.0
3837,PT,LT,HR,0.0
3838,PT,NL,HR,-0.0
3839,PT,PL,HR,-0.0
3840,PT,SE,HR,0.0
3841,PT,SI,HR,0.0
3842,PT,SK,HR,-0.0
3843,PT,DK,HR,0.0
3844,PT,FR,HR,0.0
3845,PT,GR,HR,0.0
3846,PT,IE,HR,-0.0
3847,PT,LU,HR,0.0
3848,PT,NO,HR,0.0
3849,PT,RO,HR,0.0
3850,PT,AT,HU,0.0
3851,PT,BE,HU,-0.0
3852,PT,BG,HU,0.0
3853,PT,CZ,HU,0.0
3854,PT,DE,HU,1.0
3855,PT,ES,HU,-0.0
3856,PT,FL,HU,-0.0
3857,PT,GB,HU,-0.0
3858,PT,LT,HU,0.0
3859,PT,NL,HU,-0.0
3860,PT,PL,HU,0.0
3861,PT,SE,HU,0.0
3862,PT,SI,HU,-0.0
3863,PT,SK,HU,-0.0
3864,PT,DK,HU,0.0
3865,PT,FR,HU,-0.0
3866,PT,GR,HU,-0.0
3867,PT,HR,HU,-0.0
3868,PT,IE,HU,-0.0
3869,PT,LU,HU,-0.0
3870,PT,NO,HU,-0.0
3871,PT,RO,HU,-0.0
3872,PT,AT,IE,-0.0
3873,PT,BE,IE,-0.0
3874,PT,BG,IE,-0.0
3875,PT,CZ,IE,-0.0
3876,PT,DE,IE,-0.0
3877,PT,ES,IE,-0.0
3878,PT,FL,IE,-0.0
3879,PT,GB,IE,1.0
3880,PT,HU,IE,-0.0
3881,PT,LT,IE,-0.0
3882,PT,NL,IE,-0.0
3883,PT,PL,IE,-0.0
3884,PT,SE,IE,-0.0
3885,PT,SI,IE,-0.0
3886,PT,SK,IE,-0.0
3887,PT,DK,IE,-0.0
3888,PT,FR,IE,-0.0
3889,PT,GR,IE,-0.0
3890,PT,HR,IE,-0.0
3891,PT,LU,IE,-0.0
3892,PT,NO,IE,-0.0
3893,PT,RO,IE,-0.0
3894,PT,AT,LT,0.0
3895,PT,BE,LT,0.0
3896,PT,BG,LT,0.0
3897,PT,CZ,LT,0.0
3898,PT,DE,LT,0.0
3899,PT,ES,LT,-0.0
3900,PT,FL,LT,-0.0
3901,PT,GB,LT,-0.0
3902,PT,HU,LT,0.0
3903,PT,NL,LT,1.0
3904,PT,PL,LT,-0.0
3905,PT,SE,LT,-0.0
3906,PT,SI,LT,0.0
3907,PT,SK,LT,0.0
3908,PT,DK,LT,0.0
3909,PT,FR,LT,0.0
3910,PT,GR,LT,0.0
3911,PT,HR,LT,0.0
3912,PT,IE,LT,-0.0
3913,PT,LU,LT,0.0
3914,PT,NO,LT,0.0
3915,PT,RO,LT,0.0
3916,PT,AT,LU,0.0
3917,PT,BE,LU,0.0
3918,PT,BG,LU,0.0
3919,PT,CZ,LU,0.0
3920,PT,DE,LU,0.0
3921,PT,ES,LU,-0.0
3922,PT,FL,LU,-0.0
3923,PT,GB,LU,-0.0
3924,PT,HU,LU,0.0
3925,PT,LT,LU,0.0
3926,PT,NL,LU,1.0
3927,PT,PL,LU,0.0
3928,PT,SE,LU,0.0
3929,PT,SI,LU,0.0
3930,PT,SK,LU,0.0
3931,PT,DK,LU,0.0
3932,PT,FR,LU,0.0
3933,PT,GR,LU,0.0
3934,PT,HR,LU,0.0
3935,PT,IE,LU,-0.0
3936,PT,NO,LU,0.0
3937,PT,RO,LU,0.0
3938,PT,AT,NL,-0.0
3939,PT,BE,NL,0.0
3940,PT,BG,NL,-0.0
3941,PT,CZ,NL,-0.0
3942,PT,DE,NL,0.0
3943,PT,ES,NL,0.0
3944,PT,FL,NL,-0.0
3945,PT,GB,NL,-0.0
3946,PT,HU,NL,-0.0
3947,PT,LT,NL,-0.0
3948,PT,PL,NL,-0.0
3949,PT,SE,NL,-0.0
3950,PT,SI,NL,-0.0
3951,PT,SK,NL,-0.0
3952,PT,DK,NL,-0.0
3953,PT,FR,NL,-0.0
3954,PT,GR,NL,-0.0
3955,PT,HR,NL,-0.0
3956,PT,IE,NL,-0.0
3957,PT,LU,NL,0.0
3958,PT,NO,NL,-0.0
3959,PT,RO,NL,-0.0
3960,PT,AT,PL,0.0
3961,PT,BE,PL,0.0
3962,PT,BG,PL,-0.0
3963,PT,CZ,PL,0.0
3964,PT,DE,PL,1.0
3965,PT,ES,PL,0.0
3966,PT,FL,PL,-0.0
3967,PT,GB,PL,0.0
3968,PT,HU,PL,0.0
3969,PT,LT,PL,0.0
3970,PT,NL,PL,0.0
3971,PT,SE,PL,0.0
3972,PT,SI,PL,0.0
3973,PT,SK,PL,0.0
3974,PT,DK,PL,0.0
3975,PT,FR,PL,-0.0
3976,PT,GR,PL,-0.0
3977,PT,HR,PL,-0.0
3978,PT,IE,PL,-0.0
3979,PT,LU,PL,-0.0
3980,PT,NO,PL,-0.0
3981,PT,RO,PL,-0.0
3982,PT,AT,RO,-0.0
3983,PT,BE,RO,0.0
3984,PT,BG,RO,0.0
3985,PT,CZ,RO,-0.0
3986,PT,DE,RO,1.0
3987,PT,ES,RO,-0.0
3988,PT,FL,RO,-0.0
3989,PT,GB,RO,-0.0
3990,PT,HU,RO,-0.0
3991,PT,LT,RO,0.0
3992,PT,NL,RO,-0.0
3993,PT,PL,RO,-0.0
3994,PT,SE,RO,-0.0
3995,PT,SI,RO,0.0
3996,PT,SK,RO,-0.0
3997,PT,DK,RO,0.0
3998,PT,FR,RO,0.0
3999,PT,GR,RO,0.0
4000,PT,HR,RO,0.0
4001,PT,IE,RO,-0.0
4002,PT,LU,RO,0.0
4003,PT,NO,RO,0.0
4004,PT,AT,SE,0.0
4005,PT,BE,SE,-0.0
4006,PT,BG,SE,-0.0
4007,PT,CZ,SE,-0.0
4008,PT,DE,SE,1.0
4009,PT,ES,SE,-0.0
4010,PT,FL,SE,0.0
4011,PT,GB,SE,-0.0
4012,PT,HU,SE,-0.0
4013,PT,LT,SE,-0.0
4014,PT,NL,SE,-0.0
4015,PT,PL,SE,-0.0
4016,PT,SI,SE,-0.0
4017,PT,SK,SE,-0.0
4018,PT,DK,SE,-0.0
4019,PT,FR,SE,-0.0
4020,PT,GR,SE,-0.0
4021,PT,HR,SE,-0.0
4022,PT,IE,SE,0.0
4023,PT,LU,SE,-0.0
4024,PT,NO,SE,-0.0
4025,PT,RO,SE,-0.0
4026,PT,AT,SI,-0.0
4027,PT,BE,SI,0.0
4028,PT,BG,SI,0.0
4029,PT,CZ,SI,-0.0
4030,PT,DE,SI,0.0
4031,PT,ES,SI,-0.0
4032,PT,FL,SI,-0.0
4033,PT,GB,SI,-0.0
4034,PT,HU,SI,-0.0
4035,PT,LT,SI,0.0
4036,PT,NL,SI,1.0
4037,PT,PL,SI,-0.0
4038,PT,SE,SI,-0.0
4039,PT,SK,SI,-0.0
4040,PT,DK,SI,0.0
4041,PT,FR,SI,0.0
4042,PT,GR,SI,0.0
4043,PT,HR,SI,0.0
4044,PT,IE,SI,-0.0
4045,PT,LU,SI,0.0
4046,PT,NO,SI,0.0
4047,PT,RO,SI,0.0
4048,PT,AT,SK,-0.0
4049,PT,BE,SK,-0.0
4050,PT,BG,SK,0.0
4051,PT,CZ,SK,-0.0
4052,PT,DE,SK,-0.0
4053,PT,ES,SK,-0.0
4054,PT,FL,SK,0.0
4055,PT,GB,SK,-0.0
4056,PT,HU,SK,-0.0
4057,PT,LT,SK,-0.0
4058,PT,NL,SK,1.0
4059,PT,PL,SK,-0.0
4060,PT,SE,SK,-0.0
4061,PT,SI,SK,-0.0
4062,PT,DK,SK,-0.0
4063,PT,FR,SK,-0.0
4064,PT,GR,SK,-0.0
4065,PT,HR,SK,-0.0
4066,PT,IE,SK,-0.0
4067,PT,LU,SK,-0.0
4068,PT,NO,SK,-0.0
4069,PT,RO,SK,-0.0
4070,SE,BE,AT,-0.0
4071,SE,BG,AT,-0.0
4072,SE,CZ,AT,0.0
4073,SE,DE,AT,0.0
4074,SE,ES,AT,-0.0
4075,SE,FL,AT,-0.0
4076,SE,GB,AT,-0.0
4077,SE,HU,AT,-0.0
4078,SE,LT,AT,-0.0
4079,SE,NL,AT,-0.0
4080,SE,PL,AT,-0.0
4081,SE,PT,AT,-0.0
4082,SE,SI,AT,-0.0
4083,SE,SK,AT,-0.0
4084,SE,DK,AT,-0.0
4085,SE,FR,AT,-0.0
4086,SE,GR,AT,-0.0
4087,SE,HR,AT,-0.0
4088,SE,IE,AT,-0.0
4089,SE,LU,AT,-0.0
4090,SE,NO,AT,-0.0
4091,SE,RO,AT,-0.0
4092,SE,AT,BE,0.0
4093,SE,BG,BE,-0.0
4094,SE,CZ,BE,-0.0
4095,SE,DE,BE,0.0
4096,SE,ES,BE,-0.0
4097,SE,FL,BE,-0.0
4098,SE,GB,BE,-0.0
4099,SE,HU,BE,-0.0
4100,SE,LT,BE,-0.0
4101,SE,NL,BE,1.0
4102,SE,PL,BE,-0.0
4103,SE,PT,BE,-0.0
4104,SE,SI,BE,-0.0
4105,SE,SK,BE,-0.0
4106,SE,DK,BE,-0.0
4107,SE,FR,BE,-0.0
4108,SE,GR,BE,-0.0
4109,SE,HR,BE,-0.0
4110,SE,IE,BE,-0.0
4111,SE,LU,BE,-0.0
4112,SE,NO,BE,-0.0
4113,SE,RO,BE,-0.0
4114,SE,AT,BG,1.0
4115,SE,BE,BG,-0.0
4116,SE,CZ,BG,-0.0
4117,SE,DE,BG,0.0
4118,SE,ES,BG,0.0
4119,SE,FL,BG,-0.0
4120,SE,GB,BG,-0.0
4121,SE,HU,BG,0.0
4122,SE,LT,BG,-0.0
4123,SE,NL,BG,-0.0
4124,SE,PL,BG,-0.0
4125,SE,PT,BG,-0.0
4126,SE,SI,BG,-0.0
4127,SE,SK,BG,-0.0
4128,SE,DK,BG,-0.0
4129,SE,FR,BG,-0.0
4130,SE,GR,BG,-0.0
4131,SE,HR,BG,-0.0
4132,SE,IE,BG,-0.0
4133,SE,LU,BG,-0.0
4134,SE,NO,BG,-0.0
4135,SE,RO,BG,-0.0
4136,SE,AT,CZ,0.0
4137,SE,BE,CZ,-0.0
4138,SE,BG,CZ,-0.0
4139,SE,DE,CZ,0.0
4140,SE,ES,CZ,-0.0
4141,SE,FL,CZ,-0.0
4142,SE,GB,CZ,-0.0
4143,SE,HU,CZ,-0.0
4144,SE,LT,CZ,-0.0
4145,SE,NL,CZ,-0.0
4146,SE,PL,CZ,0.0
4147,SE,PT,CZ,-0.0
4148,SE,SI,CZ,-0.0
4149,SE,SK,CZ,-0.0
4150,SE,DK,CZ,0.0
4151,SE,FR,CZ,-0.0
4152,SE,GR,CZ,-0.0
4153,SE,HR,CZ,-0.0
4154,SE,IE,CZ,-0.0
4155,SE,LU,CZ,-0.0
4156,SE,NO,CZ,-0.0
4157,SE,RO,CZ,-0.0
4158,SE,AT,DE,0.0
4159,SE,BE,DE,-0.0
4160,SE,BG,DE,-0.0
4161,SE,CZ,DE,-0.0
4162,SE,ES,DE,-0.0
4163,SE,FL,DE,-0.0
4164,SE,GB,DE,-0.0
4165,SE,HU,DE,-0.0
4166,SE,LT,DE,-0.0
4167,SE,NL,DE,-0.0
4168,SE,PL,DE,-0.0
4169,SE,PT,DE,-0.0
4170,SE,SI,DE,-0.0
4171,SE,SK,DE,-0.0
4172,SE,DK,DE,-0.0
4173,SE,FR,DE,-0.0
4174,SE,GR,DE,-0.0
4175,SE,HR,DE,-0.0
4176,SE,IE,DE,-0.0
4177,SE,LU,DE,-0.0
4178,SE,NO,DE,-0.0
4179,SE,RO,DE,-0.0
4180,SE,AT,DK,0.0
4181,SE,BE,DK,-0.0
4182,SE,BG,DK,-0.0
4183,SE,CZ,DK,-0.0
4184,SE,DE,DK,-0.0
4185,SE,ES,DK,-0.0
4186,SE,FL,DK,-0.0
4187,SE,GB,DK,-0.0
4188,SE,HU,DK,-0.0
4189,SE,LT,DK,-0.0
4190,SE,NL,DK,-0.0
4191,SE,PL,DK,-0.0
4192,SE,PT,DK,-0.0
4193,SE,SI,DK,-0.0
4194,SE,SK,DK,-0.0
4195,SE,FR,DK,-0.0
4196,SE,GR,DK,-0.0
4197,SE,HR,DK,-0.0
4198,SE,IE,DK,-0.0
4199,SE,LU,DK,-0.0
4200,SE,NO,DK,-0.0
4201,SE,RO,DK,-0.0
4202,SE,AT,ES,0.0
4203,SE,BE,ES,-0.0
4204,SE,BG,ES,-0.0
4205,SE,CZ,ES,-0.0
4206,SE,DE,ES,0.0
4207,SE,FL,ES,-0.0
4208,SE,GB,ES,-0.0
4209,SE,HU,ES,-0.0
4210,SE,LT,ES,-0.0
4211,SE,NL,ES,0.0
4212,SE,PL,ES,-0.0
4213,SE,PT,ES,-0.0
4214,SE,SI,ES,-0.0
4215,SE,SK,ES,-0.0
4216,SE,DK,ES,-0.0
4217,SE,FR,ES,-0.0
4218,SE,GR,ES,-0.0
4219,SE,HR,ES,-0.0
4220,SE,IE,ES,-0.0
4221,SE,LU,ES,-0.0
4222,SE,NO,ES,-0.0
4223,SE,RO,ES,-0.0
4224,SE,AT,FL,0.0
4225,SE,BE,FL,-0.0
4226,SE,BG,FL,-0.0
4227,SE,CZ,FL,-0.0
4228,SE,DE,FL,-0.0
4229,SE,ES,FL,-0.0
4230,SE,GB,FL,-0.0
4231,SE,HU,FL,-0.0
4232,SE,LT,FL,-0.0
4233,SE,NL,FL,-0.0
4234,SE,PL,FL,-0.0
4235,SE,PT,FL,-0.0
4236,SE,SI,FL,-0.0
4237,SE,SK,FL,-0.0
4238,SE,DK,FL,-0.0
4239,SE,FR,FL,-0.0
4240,SE,GR,FL,-0.0
4241,SE,HR,FL,-0.0
4242,SE,IE,FL,-0.0
4243,SE,LU,FL,-0.0
4244,SE,NO,FL,-0.0
4245,SE,RO,FL,-0.0
4246,SE,AT,FR,0.0
4247,SE,BE,FR,-0.0
4248,SE,BG,FR,-0.0
4249,SE,CZ,FR,-0.0
4250,SE,DE,FR,0.0
4251,SE,ES,FR,-0.0
4252,SE,FL,FR,-0.0
4253,SE,GB,FR,-0.0
4254,SE,HU,FR,-0.0
4255,SE,LT,FR,-0.0
4256,SE,NL,FR,1.0
4257,SE,PL,FR,-0.0
4258,SE,PT,FR,-0.0
4259,SE,SI,FR,-0.0
4260,SE,SK,FR,-0.0
4261,SE,DK,FR,-0.0
4262,SE,GR,FR,-0.0
4263,SE,HR,FR,-0.0
4264,SE,IE,FR,-0.0
4265,SE,LU,FR,-0.0
4266,SE,NO,FR,-0.0
4267,SE,RO,FR,-0.0
4268,SE,AT,GB,0.0
4269,SE,BE,GB,-0.0
4270,SE,BG,GB,-0.0
4271,SE,CZ,GB,-0.0
4272,SE,DE,GB,0.0
4273,SE,ES,GB,-0.0
4274,SE,FL,GB,-0.0
4275,SE,HU,GB,-0.0
4276,SE,LT,GB,-0.0
4277,SE,NL,GB,-0.0
4278,SE,PL,GB,-0.0
4279,SE,PT,GB,-0.0
4280,SE,SI,GB,-0.0
4281,SE,SK,GB,-0.0
4282,SE,DK,GB,-0.0
4283,SE,FR,GB,-0.0
4284,SE,GR,GB,-0.0
4285,SE,HR,GB,-0.0
4286,SE,IE,GB,-0.0
4287,SE,LU,GB,-0.0
4288,SE,NO,GB,-0.0
4289,SE,RO,GB,-0.0
4290,SE,AT,HR,1.0
4291,SE,BE,HR,0.0
4292,SE,BG,HR,-0.0
4293,SE,CZ,HR,0.0
4294,SE,DE,HR,0.0
4295,SE,ES,HR,-0.0
4296,SE,FL,HR,-0.0
4297,SE,GB,HR,-0.0
4298,SE,HU,HR,0.0
4299,SE,LT,HR,-0.0
4300,SE,NL,HR,0.0
4301,SE,PL,HR,-0.0
4302,SE,PT,HR,-0.0
4303,SE,SI,HR,0.0
4304,SE,SK,HR,0.0
4305,SE,DK,HR,-0.0
4306,SE,FR,HR,-0.0
4307,SE,GR,HR,-0.0
4308,SE,IE,HR,-0.0
4309,SE,LU,HR,-0.0
4310,SE,NO,HR,-0.0
4311,SE,RO,HR,0.0
4312,SE,AT,HU,0.0
4313,SE,BE,HU,-0.0
4314,SE,BG,HU,-0.0
4315,SE,CZ,HU,1.0
4316,SE,DE,HU,0.0
4317,SE,ES,HU,-0.0
4318,SE,FL,HU,-0.0
4319,SE,GB,HU,-0.0
4320,SE,LT,HU,-0.0
4321,SE,NL,HU,0.0
4322,SE,PL,HU,-0.0
4323,SE,PT,HU,-0.0
4324,SE,SI,HU,0.0
4325,SE,SK,HU,0.0
4326,SE,DK,HU,0.0
4327,SE,FR,HU,-0.0
4328,SE,GR,HU,-0.0
4329,SE,HR,HU,0.0
4330,SE,IE,HU,-0.0
4331,SE,LU,HU,-0.0
4332,SE,NO,HU,-0.0
4333,SE,RO,HU,0.0
4334,SE,AT,IE,0.0
4335,SE,BE,IE,-0.0
4336,SE,BG,IE,-0.0
4337,SE,CZ,IE,-0.0
4338,SE,DE,IE,0.0
4339,SE,ES,IE,-0.0
4340,SE,FL,IE,-0.0
4341,SE,GB,IE,1.0
4342,SE,HU,IE,-0.0
4343,SE,LT,IE,-0.0
4344,SE,NL,IE,0.0
4345,SE,PL,IE,-0.0
4346,SE,PT,IE,-0.0
4347,SE,SI,IE,-0.0
4348,SE,SK,IE,-0.0
4349,SE,DK,IE,-0.0
4350,SE,FR,IE,-0.0
4351,SE,GR,IE,-0.0
4352,SE,HR,IE,-0.0
4353,SE,LU,IE,-0.0
4354,SE,NO,IE,-0.0
4355,SE,RO,IE,-0.0
4356,SE,AT,LU,0.0
4357,SE,BE,LU,-0.0
4358,SE,BG,LU,-0.0
4359,SE,CZ,LU,-0.0
4360,SE,DE,LU,0.0
4361,SE,ES,LU,-0.0
4362,SE,FL,LU,-0.0
4363,SE,GB,LU,-0.0
4364,SE,HU,LU,-0.0
4365,SE,LT,LU,-0.0
4366,SE,NL,LU,1.0
4367,SE,PL,LU,0.0
4368,SE,PT,LU,-0.0
4369,SE,SI,LU,-0.0
4370,SE,SK,LU,-0.0
4371,SE,DK,LU,-0.0
4372,SE,FR,LU,-0.0
4373,SE,GR,LU,-0.0
4374,SE,HR,LU,-0.0
4375,SE,IE,LU,-0.0
4376,SE,NO,LU,-0.0
4377,SE,RO,LU,-0.0
4378,SE,AT,NL,0.0
4379,SE,BE,NL,-0.0
4380,SE,BG,NL,-0.0
4381,SE,CZ,NL,-0.0
4382,SE,DE,NL,-0.0
4383,SE,ES,NL,-0.0
4384,SE,FL,NL,-0.0
4385,SE,GB,NL,-0.0
4386,SE,HU,NL,-0.0
4387,SE,LT,NL,-0.0
4388,SE,PL,NL,-0.0
4389,SE,PT,NL,-0.0
4390,SE,SI,NL,-0.0
4391,SE,SK,NL,-0.0
4392,SE,DK,NL,-0.0
4393,SE,FR,NL,-0.0
4394,SE,GR,NL,-0.0
4395,SE,HR,NL,-0.0
4396,SE,IE,NL,-0.0
4397,SE,LU,NL,-0.0
4398,SE,NO,NL,-0.0
4399,SE,RO,NL,-0.0
4400,SE,AT,NO,0.0
4401,SE,BE,NO,-0.0
4402,SE,BG,NO,-0.0
4403,SE,CZ,NO,-0.0
4404,SE,DE,NO,-0.0
4405,SE,ES,NO,-0.0
4406,SE,FL,NO,-0.0
4407,SE,GB,NO,-0.0
4408,SE,HU,NO,-0.0
4409,SE,LT,NO,-0.0
4410,SE,NL,NO,-0.0
4411,SE,PL,NO,-0.0
4412,SE,PT,NO,-0.0
4413,SE,SI,NO,-0.0
4414,SE,SK,NO,-0.0
4415,SE,DK,NO,-0.0
4416,SE,FR,NO,-0.0
4417,SE,GR,NO,-0.0
4418,SE,HR,NO,-0.0
4419,SE,IE,NO,-0.0
4420,SE,LU,NO,-0.0
4421,SE,RO,NO,-0.0
4422,SE,AT,PL,0.0
4423,SE,BE,PL,-0.0
4424,SE,BG,PL,-0.0
4425,SE,CZ,PL,-0.0
4426,SE,DE,PL,-0.0
4427,SE,ES,PL,-0.0
4428,SE,FL,PL,-0.0
4429,SE,GB,PL,-0.0
4430,SE,HU,PL,-0.0
4431,SE,LT,PL,-0.0
4432,SE,NL,PL,-0.0
4433,SE,PT,PL,-0.0
4434,SE,SI,PL,-0.0
4435,SE,SK,PL,-0.0
4436,SE,DK,PL,-0.0
4437,SE,FR,PL,-0.0
4438,SE,GR,PL,-0.0
4439,SE,HR,PL,-0.0
4440,SE,IE,PL,-0.0
4441,SE,LU,PL,-0.0
4442,SE,NO,PL,-0.0
4443,SE,RO,PL,-0.0
4444,SE,AT,PT,0.0
4445,SE,BE,PT,-0.0
4446,SE,BG,PT,-0.0
4447,SE,CZ,PT,-0.0
4448,SE,DE,PT,0.0
4449,SE,ES,PT,-0.0
4450,SE,FL,PT,-0.0
4451,SE,GB,PT,-0.0
4452,SE,HU,PT,-0.0
4453,SE,LT,PT,-0.0
4454,SE,NL,PT,1.0
4455,SE,PL,PT,-0.0
4456,SE,SI,PT,-0.0
4457,SE,SK,PT,-0.0
4458,SE,DK,PT,-0.0
4459,SE,FR,PT,-0.0
4460,SE,GR,PT,-0.0
4461,SE,HR,PT,-0.0
4462,SE,IE,PT,-0.0
4463,SE,LU,PT,-0.0
4464,SE,NO,PT,-0.0
4465,SE,RO,PT,-0.0
4466,SE,AT,RO,1.0
4467,SE,BE,RO,-0.0
4468,SE,BG,RO,-0.0
4469,SE,CZ,RO,-0.0
4470,SE,DE,RO,0.0
4471,SE,ES,RO,-0.0
4472,SE,FL,RO,-0.0
4473,SE,GB,RO,-0.0
4474,SE,HU,RO,0.0
4475,SE,LT,RO,-0.0
4476,SE,NL,RO,-0.0
4477,SE,PL,RO,-0.0
4478,SE,PT,RO,-0.0
4479,SE,SI,RO,-0.0
4480,SE,SK,RO,-0.0
4481,SE,DK,RO,-0.0
4482,SE,FR,RO,-0.0
4483,SE,GR,RO,-0.0
4484,SE,HR,RO,-0.0
4485,SE,IE,RO,-0.0
4486,SE,LU,RO,0.0
4487,SE,NO,RO,-0.0
4488,SE,AT,SI,0.0
4489,SE,BE,SI,0.0
4490,SE,BG,SI,-0.0
4491,SE,CZ,SI,-0.0
4492,SE,DE,SI,0.0
4493,SE,ES,SI,-0.0
4494,SE,FL,SI,-0.0
4495,SE,GB,SI,-0.0
4496,SE,HU,SI,0.0
4497,SE,LT,SI,-0.0
4498,SE,NL,SI,1.0
4499,SE,PL,SI,-0.0
4500,SE,PT,SI,-0.0
4501,SE,SK,SI,0.0
4502,SE,DK,SI,0.0
4503,SE,FR,SI,-0.0
4504,SE,GR,SI,-0.0
4505,SE,HR,SI,-0.0
4506,SE,IE,SI,-0.0
4507,SE,LU,SI,-0.0
4508,SE,NO,SI,-0.0
4509,SE,RO,SI,-0.0
4510,SE,AT,SK,0.0
4511,SE,BE,SK,-0.0
4512,SE,BG,SK,-0.0
4513,SE,CZ,SK,1.0
4514,SE,DE,SK,0.0
4515,SE,ES,SK,-0.0
4516,SE,FL,SK,-0.0
4517,SE,GB,SK,-0.0
4518,SE,HU,SK,0.0
4519,SE,LT,SK,-0.0
4520,SE,NL,SK,-0.0
4521,SE,PL,SK,-0.0
4522,SE,PT,SK,-0.0
4523,SE,SI,SK,0.0
4524,SE,DK,SK,0.0
4525,SE,FR,SK,-0.0
4526,SE,GR,SK,-0.0
4527,SE,HR,SK,0.0
4528,SE,IE,SK,-0.0
4529,SE,LU,SK,-0.0
4530,SE,NO,SK,-0.0
4531,SE,RO,SK,0.0
4532,SI,BE,AT,-0.0
4533,SI,BG,AT,-0.0
4534,SI,CZ,AT,0.0
4535,SI,DE,AT,0.0
4536,SI,ES,AT,-0.0
4537,SI,FL,AT,-0.0
4538,SI,GB,AT,-0.0
4539,SI,HU,AT,-0.0
4540,SI,LT,AT,-0.0
4541,SI,NL,AT,-0.0
4542,SI,PL,AT,-0.0
4543,SI,PT,AT,-0.0
4544,SI,SE,AT,-0.0
4545,SI,SK,AT,-0.0
4546,SI,DK,AT,-0.0
4547,SI,FR,AT,-0.0
4548,SI,GR,AT,-0.0
4549,SI,HR,AT,0.0
4550,SI,IE,AT,-0.0
4551,SI,LU,AT,-0.0
4552,SI,NO,AT,-0.0
4553,SI,RO,AT,-0.0
4554,SI,AT,BE,-0.0
4555,SI,BG,BE,0.0
4556,SI,CZ,BE,-0.0
4557,SI,DE,BE,1.0
4558,SI,ES,BE,-0.0
4559,SI,FL,BE,-0.0
4560,SI,GB,BE,-0.0
4561,SI,HU,BE,-0.0
4562,SI,LT,BE,0.0
4563,SI,NL,BE,-0.0
4564,SI,PL,BE,-0.0
4565,SI,PT,BE,0.0
4566,SI,SE,BE,-0.0
4567,SI,SK,BE,-0.0
4568,SI,DK,BE,0.0
4569,SI,FR,BE,0.0
4570,SI,GR,BE,0.0
4571,SI,HR,BE,0.0
4572,SI,IE,BE,-0.0
4573,SI,LU,BE,0.0
4574,SI,NO,BE,0.0
4575,SI,RO,BE,0.0
4576,SI,AT,DE,0.0
4577,SI,BE,DE,-0.0
4578,SI,BG,DE,-0.0
4579,SI,CZ,DE,-0.0
4580,SI,ES,DE,-0.0
4581,SI,FL,DE,-0.0
4582,SI,GB,DE,-0.0
4583,SI,HU,DE,-0.0
4584,SI,LT,DE,-0.0
4585,SI,NL,DE,-0.0
4586,SI,PL,DE,-0.0
4587,SI,PT,DE,-0.0
4588,SI,SE,DE,-0.0
4589,SI,SK,DE,-0.0
4590,SI,DK,DE,-0.0
4591,SI,FR,DE,-0.0
4592,SI,GR,DE,-0.0
4593,SI,HR,DE,-0.0
4594,SI,IE,DE,-0.0
4595,SI,LU,DE,-0.0
4596,SI,NO,DE,-0.0
4597,SI,RO,DE,-0.0
4598,SI,AT,NL,0.0
4599,SI,BE,NL,-0.0
4600,SI,BG,NL,-0.0
4601,SI,CZ,NL,-0.0
4602,SI,DE,NL,1.0
4603,SI,ES,NL,-0.0
4604,SI,FL,NL,-0.0
4605,SI,GB,NL,-0.0
4606,SI,HU,NL,-0.0
4607,SI,LT,NL,-0.0
4608,SI,PL,NL,-0.0
4609,SI,PT,NL,-0.0
4610,SI,SE,NL,-0.0
4611,SI,SK,NL,-0.0
4612,SI,DK,NL,-0.0
4613,SI,FR,NL,-0.0
4614,SI,GR,NL,-0.0
4615,SI,HR,NL,-0.0
4616,SI,IE,NL,-0.0
4617,SI,LU,NL,-0.0
4618,SI,NO,NL,-0.0
4619,SI,RO,NL,-0.0
4620,SI,AT,PL,0.0
4621,SI,BE,PL,-0.0
4622,SI,BG,PL,0.0
4623,SI,CZ,PL,-0.0
4624,SI,DE,PL,1.0
4625,SI,ES,PL,0.0
4626,SI,FL,PL,-0.0
4627,SI,GB,PL,-0.0
4628,SI,HU,PL,-0.0
4629,SI,LT,PL,-0.0
4630,SI,NL,PL,-0.0
4631,SI,PT,PL,0.0
4632,SI,SE,PL,-0.0
4633,SI,SK,PL,-0.0
4634,SI,DK,PL,-0.0
4635,SI,FR,PL,-0.0
4636,SI,GR,PL,-0.0
4637,SI,HR,PL,-0.0
4638,SI,IE,PL,-0.0
4639,SI,LU,PL,-0.0
4640,SI,NO,PL,-0.0
4641,SI,RO,PL,-0.0
4642,SK,AT,CZ,0.0
4643,SK,BE,CZ,-0.0
4644,SK,BG,CZ,-0.0
4645,SK,DE,CZ,-0.0
4646,SK,ES,CZ,-0.0
4647,SK,FL,CZ,-0.0
4648,SK,GB,CZ,-0.0
4649,SK,HU,CZ,-0.0
4650,SK,LT,CZ,-0.0
4651,SK,NL,CZ,-0.0
4652,SK,PL,CZ,-0.0
4653,SK,PT,CZ,-0.0
4654,SK,SE,CZ,-0.0
4655,SK,SI,CZ,-0.0
4656,SK,DK,CZ,-0.0
4657,SK,FR,CZ,-0.0
4658,SK,GR,CZ,-0.0
4659,SK,HR,CZ,-0.0
4660,SK,IE,CZ,-0.0
4661,SK,LU,CZ,-0.0
4662,SK,NO,CZ,-0.0
4663,SK,RO,CZ,-0.0
